B,false,query-1.rq,1,1,1,1,2,2
B,false,query-1.rq,2,1,1,2,1,4
B,false,query-1.rq,3,1,1,1,0,2
B,false,query-10.rq,1,1,1,2,1,4
B,false,query-100.rq,1,1,1,3,1,8
B,false,query-101.rq,1,1,1,3,0,8
B,false,query-102.rq,1,1,1,3,0,8
B,false,query-102.rq,2,1,1,2,0,4
B,false,query-103.rq,1,1,1,1,1,2
B,false,query-104.rq,0,-1,0,0,0,0
B,false,query-105.rq,1,1,3,5,0,8
B,false,query-106.rq,1,1,1,1,1,12
B,false,query-106.rq,2,1,1,1,0,2
B,false,query-107.rq,1,1,0,0,0,1
B,false,query-107.rq,2,1,2,2,0,12
B,false,query-107.rq,3,1,2,2,0,12
B,false,query-108.rq,1,1,1,1,0,12
B,false,query-109.rq,1,1,1,1,0,12
B,false,query-11.rq,1,1,1,4,0,16
B,false,query-110.rq,1,1,1,1,1,12
B,false,query-111.rq,1,1,0,0,0,1
B,false,query-111.rq,2,1,3,5,1,8
B,false,query-112.rq,1,1,1,1,0,2
B,false,query-113.rq,1,1,1,1,0,2
B,false,query-113.rq,2,1,1,1,0,2
B,false,query-113.rq,3,1,1,1,0,2
B,false,query-113.rq,4,1,1,1,0,2
B,false,query-113.rq,5,1,1,1,0,2
B,false,query-113.rq,6,1,1,3,1,8
B,false,query-113.rq,7,1,1,1,0,2
B,false,query-114.rq,1,1,1,2,0,4
B,false,query-115.rq,1,1,1,2,1,4
B,false,query-116.rq,0,-1,0,0,0,0
B,false,query-117.rq,0,-1,0,0,0,0
B,false,query-118.rq,0,-1,0,0,0,0
B,false,query-119.rq,1,1,1,1,0,2
B,false,query-119.rq,2,1,1,2,0,4
B,false,query-12.rq,1,1,1,2,0,4
B,false,query-12.rq,2,1,1,1,0,2
B,false,query-12.rq,3,1,1,1,0,2
B,false,query-12.rq,4,1,1,1,0,2
B,false,query-12.rq,5,1,1,1,0,2
B,false,query-12.rq,6,1,1,1,1,2
B,false,query-12.rq,7,1,1,1,0,2
B,false,query-120.rq,1,1,1,3,0,8
B,false,query-120.rq,2,1,1,3,1,8
B,false,query-121.rq,1,1,3,6,2,16
B,false,query-122.rq,1,1,2,3,1,4
B,false,query-122.rq,2,1,2,3,1,4
B,false,query-122.rq,3,1,2,3,0,4
B,false,query-122.rq,4,1,3,6,1,16
B,false,query-122.rq,5,1,2,3,1,4
B,false,query-123.rq,1,1,5,12,17,256
B,false,query-123.rq,2,1,2,3,0,4
B,false,query-123.rq,3,1,4,9,8,64
B,false,query-124.rq,1,1,1,4,1,16
B,false,query-125.rq,1,1,1,4,1,16
B,false,query-125.rq,2,1,1,2,0,4
B,false,query-125.rq,3,1,1,1,0,2
B,false,query-125.rq,4,1,1,1,0,2
B,false,query-126.rq,1,1,2,3,0,4
B,false,query-126.rq,2,1,2,3,0,4
B,false,query-126.rq,3,1,2,3,0,4
B,false,query-126.rq,4,1,3,6,1,16
B,false,query-126.rq,5,1,2,3,0,4
B,false,query-126.rq,6,1,2,3,0,4
B,false,query-126.rq,7,1,3,6,1,16
B,false,query-126.rq,8,1,3,6,1,16
B,false,query-126.rq,9,1,2,3,0,4
B,false,query-126.rq,10,1,3,6,1,16
B,false,query-127.rq,1,1,1,2,0,4
B,false,query-127.rq,2,1,1,2,0,4
B,false,query-127.rq,3,1,1,2,1,4
B,false,query-127.rq,4,1,1,3,0,8
B,false,query-128.rq,1,1,1,2,0,4
B,false,query-128.rq,2,1,4,6,2,24
B,false,query-128.rq,3,1,3,4,1,12
B,false,query-128.rq,4,1,3,3,0,6
B,false,query-129.rq,1,1,1,2,0,4
B,false,query-13.rq,1,1,1,8,1,256
B,false,query-13.rq,2,1,0,0,0,1
B,false,query-13.rq,3,1,1,1,0,2
B,false,query-130.rq,0,-1,0,0,0,0
B,false,query-131.rq,1,1,1,3,1,8
B,false,query-132.rq,1,1,1,3,0,8
B,false,query-132.rq,2,1,1,1,0,2
B,false,query-133.rq,1,1,1,9,2,512
B,false,query-133.rq,2,1,4,6,1,8
B,false,query-134.rq,1,1,2,6,2,96
B,false,query-135.rq,1,1,1,1,1,12
B,false,query-136.rq,1,1,3,4,0,12
B,false,query-136.rq,2,1,1,1,0,2
B,false,query-136.rq,3,1,1,1,1,2
B,false,query-136.rq,4,1,1,1,0,2
B,false,query-136.rq,5,1,1,1,0,2
B,false,query-136.rq,6,1,1,1,0,2
B,false,query-136.rq,7,1,1,1,0,2
B,false,query-136.rq,8,1,1,1,0,2
B,false,query-136.rq,9,1,1,1,0,2
B,false,query-136.rq,10,1,2,2,0,12
B,false,query-136.rq,11,1,3,3,0,6
B,false,query-136.rq,12,1,1,1,0,2
B,false,query-136.rq,13,1,2,2,1,12
B,false,query-136.rq,14,1,1,1,0,2
B,false,query-136.rq,15,1,1,1,0,2
B,false,query-136.rq,16,1,1,1,0,2
B,false,query-136.rq,17,1,1,1,0,2
B,false,query-136.rq,18,1,1,1,0,2
B,false,query-136.rq,19,1,1,1,0,2
B,false,query-136.rq,20,1,1,1,0,2
B,false,query-136.rq,21,1,2,2,1,12
B,false,query-136.rq,22,1,2,2,1,12
B,false,query-136.rq,23,1,1,1,0,2
B,false,query-136.rq,24,1,1,1,0,2
B,false,query-136.rq,25,1,1,1,0,2
B,false,query-136.rq,26,1,2,2,1,12
B,false,query-136.rq,27,1,1,1,0,2
B,false,query-137.rq,0,-1,0,0,0,0
B,false,query-138.rq,1,1,1,2,0,24
B,false,query-139.rq,1,1,1,7,1,128
B,false,query-14.rq,1,1,1,2,1,4
B,false,query-14.rq,2,1,1,1,0,2
B,false,query-140.rq,1,1,2,3,0,12
B,false,query-140.rq,2,1,1,1,0,2
B,false,query-140.rq,3,1,1,1,0,2
B,false,query-140.rq,4,1,1,1,0,2
B,false,query-140.rq,5,1,1,1,0,2
B,false,query-140.rq,6,1,1,1,0,2
B,false,query-140.rq,7,1,1,1,0,2
B,false,query-140.rq,8,1,1,1,0,2
B,false,query-140.rq,9,1,1,1,1,2
B,false,query-140.rq,10,1,1,1,0,2
B,false,query-140.rq,11,1,1,1,0,2
B,false,query-140.rq,12,1,1,1,0,2
B,false,query-140.rq,13,1,1,1,0,2
B,false,query-140.rq,14,1,1,1,0,2
B,false,query-140.rq,15,1,1,1,0,2
B,false,query-140.rq,16,1,1,1,0,2
B,false,query-140.rq,17,1,1,1,0,2
B,false,query-140.rq,18,1,1,1,0,2
B,false,query-140.rq,19,1,1,1,0,2
B,false,query-140.rq,20,1,1,1,0,2
B,false,query-141.rq,1,1,1,2,0,4
B,false,query-142.rq,1,1,1,6,2,2304
B,false,query-143.rq,1,1,0,0,0,1
B,false,query-143.rq,2,1,1,1,0,2
B,false,query-144.rq,1,1,0,0,0,1
B,false,query-144.rq,2,1,4,6,1,24
B,false,query-145.rq,1,1,0,0,0,1
B,false,query-145.rq,2,1,1,2,1,24
B,false,query-146.rq,1,1,1,2,0,4
B,false,query-146.rq,2,1,1,3,0,8
B,false,query-146.rq,3,1,1,1,0,2
B,false,query-146.rq,4,1,1,1,0,2
B,false,query-146.rq,5,1,1,1,1,2
B,false,query-147.rq,1,1,0,0,0,1
B,false,query-147.rq,2,1,1,1,0,2
B,false,query-148.rq,1,1,5,12,14,256
B,false,query-149.rq,1,1,1,1,0,2
B,false,query-149.rq,2,1,1,1,0,2
B,false,query-149.rq,3,1,1,1,0,2
B,false,query-149.rq,4,1,1,1,0,2
B,false,query-149.rq,5,1,1,1,0,2
B,false,query-149.rq,6,1,1,1,0,2
B,false,query-149.rq,7,1,2,2,1,2
B,false,query-149.rq,8,1,2,2,0,2
B,false,query-149.rq,9,1,2,2,0,2
B,false,query-149.rq,10,1,1,1,0,2
B,false,query-149.rq,11,1,2,2,0,4
B,false,query-149.rq,12,1,1,1,0,2
B,false,query-149.rq,13,1,1,1,0,2
B,false,query-149.rq,14,1,1,1,0,2
B,false,query-149.rq,15,1,1,1,0,2
B,false,query-149.rq,16,1,1,1,1,2
B,false,query-149.rq,17,1,1,4,0,16
B,false,query-149.rq,18,1,1,1,0,2
B,false,query-149.rq,19,1,1,1,0,2
B,false,query-149.rq,20,1,1,2,0,4
B,false,query-149.rq,21,1,1,4,1,16
B,false,query-149.rq,22,1,1,1,0,2
B,false,query-149.rq,23,1,1,1,0,2
B,false,query-149.rq,24,1,1,1,0,2
B,false,query-149.rq,25,1,1,1,0,2
B,false,query-149.rq,26,1,1,1,0,2
B,false,query-149.rq,27,1,1,1,0,2
B,false,query-149.rq,28,1,1,1,0,2
B,false,query-149.rq,29,1,1,1,0,2
B,false,query-149.rq,30,1,1,1,1,2
B,false,query-149.rq,31,1,1,1,0,2
B,false,query-15.rq,1,1,1,4,1,16
B,false,query-15.rq,2,1,0,0,0,1
B,false,query-15.rq,3,1,1,1,0,2
B,false,query-150.rq,1,1,5,12,10,256
B,false,query-150.rq,2,1,3,6,1,16
B,false,query-150.rq,3,1,2,3,1,4
B,false,query-150.rq,4,1,2,3,0,4
B,false,query-151.rq,1,1,1,1,1,2
B,false,query-151.rq,2,1,1,1,0,2
B,false,query-151.rq,3,1,1,1,0,2
B,false,query-151.rq,4,1,1,2,0,4
B,false,query-151.rq,5,1,1,1,0,2
B,false,query-151.rq,6,1,1,1,0,2
B,false,query-151.rq,7,1,1,2,0,4
B,false,query-151.rq,8,1,1,2,1,4
B,false,query-151.rq,9,1,1,1,0,2
B,false,query-151.rq,10,1,1,2,0,4
B,false,query-152.rq,1,1,0,0,0,1
B,false,query-152.rq,2,1,2,2,0,12
B,false,query-153.rq,1,1,2,6,2,96
B,false,query-154.rq,1,1,0,0,0,1
B,false,query-154.rq,2,1,3,7,0,32
B,false,query-154.rq,3,1,3,8,1,64
B,false,query-154.rq,4,1,3,8,1,64
B,false,query-154.rq,5,1,1,3,1,8
B,false,query-154.rq,6,1,2,6,1,64
B,false,query-155.rq,1,1,1,2,0,4
B,false,query-155.rq,2,1,2,3,0,4
B,false,query-155.rq,3,1,3,4,1,12
B,false,query-156.rq,1,1,5,14,3,3072
B,false,query-157.rq,1,1,1,1,0,12
B,false,query-158.rq,1,1,3,6,3,48
B,false,query-159.rq,1,1,1,1,0,12
B,false,query-16.rq,1,1,0,0,0,1
B,false,query-16.rq,2,1,1,1,0,2
B,false,query-160.rq,1,1,1,1,0,12
B,false,query-161.rq,1,1,1,2,0,4
B,false,query-161.rq,2,1,1,3,0,8
B,false,query-161.rq,3,1,1,2,0,4
B,false,query-161.rq,4,1,1,1,1,2
B,false,query-162.rq,1,1,1,1,0,2
B,false,query-163.rq,0,-1,0,0,0,0
B,false,query-164.rq,1,1,1,2,0,24
B,false,query-165.rq,1,1,1,2,1,4
B,false,query-166.rq,1,1,1,1,0,12
B,false,query-167.rq,1,1,1,1,0,12
B,false,query-168.rq,1,1,4,7,1,432
B,false,query-169.rq,0,-1,0,0,0,0
B,false,query-17.rq,1,1,1,1,1,2
B,false,query-170.rq,1,1,1,4,1,16
B,false,query-171.rq,0,-1,0,0,0,0
B,false,query-172.rq,1,1,1,10,2,512
B,false,query-172.rq,2,1,1,9,2,512
B,false,query-172.rq,3,1,1,9,1,512
B,false,query-172.rq,4,1,1,7,0,128
B,false,query-172.rq,5,1,1,12,2,4096
B,false,query-172.rq,6,1,1,10,1,1024
B,false,query-172.rq,7,1,1,3,0,8
B,false,query-172.rq,8,1,1,6,1,64
B,false,query-172.rq,9,1,1,5,1,32
B,false,query-172.rq,10,1,1,5,1,32
B,false,query-173.rq,1,1,1,2,0,4
B,false,query-173.rq,2,1,1,1,0,2
B,false,query-173.rq,3,1,1,2,0,4
B,false,query-174.rq,1,1,1,1,0,2
B,false,query-174.rq,2,1,1,1,0,2
B,false,query-175.rq,1,1,1,3,0,8
B,false,query-176.rq,0,-1,0,0,0,0
B,false,query-177.rq,1,1,1,2,0,4
B,false,query-178.rq,1,1,1,2,0,4
B,false,query-178.rq,2,1,1,1,0,2
B,false,query-178.rq,3,1,2,3,0,8
B,false,query-179.rq,1,1,0,0,0,1
B,false,query-179.rq,2,1,1,1,0,2
B,false,query-179.rq,3,1,1,2,0,4
B,false,query-179.rq,4,1,1,3,0,8
B,false,query-179.rq,5,1,3,4,1,12
B,false,query-179.rq,6,1,3,5,1,24
B,false,query-179.rq,7,1,3,6,1,48
B,false,query-179.rq,8,1,3,7,1,96
B,false,query-179.rq,9,1,3,8,1,192
B,false,query-179.rq,10,1,4,9,1,192
B,false,query-179.rq,11,1,5,14,3,3072
B,false,query-18.rq,1,1,3,6,1,16
B,false,query-18.rq,2,1,2,3,1,4
B,false,query-18.rq,3,1,2,2,0,2
B,false,query-18.rq,4,1,2,2,1,2
B,false,query-18.rq,5,1,2,2,0,2
B,false,query-18.rq,6,1,2,2,1,2
B,false,query-18.rq,7,1,2,2,0,2
B,false,query-18.rq,8,1,2,2,0,2
B,false,query-180.rq,1,1,1,1,0,12
B,false,query-181.rq,1,1,2,3,0,12
B,false,query-181.rq,2,1,1,1,0,12
B,false,query-181.rq,3,1,2,2,0,6
B,false,query-182.rq,1,1,1,2,1,4
B,false,query-182.rq,2,1,1,1,0,2
B,false,query-182.rq,3,1,1,1,1,2
B,false,query-182.rq,4,1,1,1,0,2
B,false,query-182.rq,5,1,1,1,1,2
B,false,query-183.rq,1,1,1,2,0,4
B,false,query-184.rq,1,1,1,3,1,8
B,false,query-185.rq,0,-1,0,0,0,0
B,false,query-186.rq,0,-1,0,0,0,0
B,false,query-187.rq,1,1,1,2,1,24
B,false,query-188.rq,0,-1,0,0,0,0
B,false,query-189.rq,1,1,1,3,0,8
B,false,query-189.rq,2,1,1,2,0,4
B,false,query-19.rq,1,1,1,6,1,64
B,false,query-190.rq,1,1,3,11,2,512
B,false,query-191.rq,0,-1,0,0,0,0
B,false,query-192.rq,1,1,3,5,1,72
B,false,query-193.rq,1,1,4,6,1,8
B,false,query-194.rq,1,1,1,1,0,12
B,false,query-195.rq,1,1,1,1,0,12
B,false,query-196.rq,1,1,1,1,0,12
B,false,query-197.rq,1,1,3,5,1,8
B,false,query-198.rq,1,1,0,0,0,1
B,false,query-198.rq,2,1,1,1,0,12
B,false,query-199.rq,1,0,2,2,1,6
B,false,query-2.rq,1,1,1,1,0,2
B,false,query-2.rq,2,1,1,1,0,2
B,false,query-2.rq,3,1,1,1,0,2
B,false,query-2.rq,4,1,1,2,4,4
B,false,query-2.rq,5,1,1,1,0,2
B,false,query-2.rq,6,1,1,1,0,2
B,false,query-2.rq,7,1,1,3,1,8
B,false,query-2.rq,8,1,1,1,0,2
B,false,query-2.rq,9,1,1,1,1,2
B,false,query-2.rq,10,1,1,1,0,2
B,false,query-2.rq,11,1,1,2,0,4
B,false,query-20.rq,1,1,1,2,0,4
B,false,query-20.rq,2,1,1,1,0,2
B,false,query-20.rq,3,1,1,1,0,2
B,false,query-20.rq,4,1,1,1,0,2
B,false,query-20.rq,5,1,1,1,0,2
B,false,query-20.rq,6,1,1,1,1,2
B,false,query-20.rq,7,1,1,1,0,2
B,false,query-20.rq,8,1,1,1,1,2
B,false,query-20.rq,9,1,1,1,0,2
B,false,query-20.rq,10,1,1,1,0,2
B,false,query-20.rq,11,1,1,1,0,2
B,false,query-200.rq,0,-1,0,0,0,0
B,false,query-201.rq,1,1,2,5,1,48
B,false,query-201.rq,2,1,2,3,1,12
B,false,query-201.rq,3,1,2,3,0,12
B,false,query-202.rq,1,1,1,3,0,8
B,false,query-203.rq,1,1,1,3,0,8
B,false,query-204.rq,0,-1,0,0,0,0
B,false,query-205.rq,1,1,1,2,0,4
B,false,query-206.rq,1,1,1,2,1,4
B,false,query-206.rq,2,1,1,3,0,8
B,false,query-206.rq,3,1,1,1,0,2
B,false,query-206.rq,4,1,1,1,0,2
B,false,query-206.rq,5,1,1,1,0,2
B,false,query-207.rq,1,1,5,12,7,256
B,false,query-208.rq,1,1,5,12,2,256
B,false,query-208.rq,2,1,3,6,0,16
B,false,query-208.rq,3,1,2,3,0,4
B,false,query-208.rq,4,1,2,3,1,4
B,false,query-209.rq,1,1,0,0,0,1
B,false,query-209.rq,2,1,3,7,1,32
B,false,query-209.rq,3,1,3,8,0,64
B,false,query-209.rq,4,1,3,8,0,64
B,false,query-209.rq,5,1,1,3,0,8
B,false,query-209.rq,6,1,2,6,1,64
B,false,query-21.rq,1,1,1,2,0,4
B,false,query-21.rq,2,1,1,3,1,8
B,false,query-21.rq,3,1,1,1,0,2
B,false,query-21.rq,4,1,1,1,1,2
B,false,query-210.rq,1,1,1,2,0,4
B,false,query-210.rq,2,1,1,3,1,8
B,false,query-210.rq,3,1,1,2,0,4
B,false,query-210.rq,4,1,1,1,1,2
B,false,query-211.rq,0,-1,0,0,0,0
B,false,query-212.rq,0,-1,0,0,0,0
B,false,query-213.rq,1,1,1,2,0,4
B,false,query-213.rq,2,1,1,1,0,2
B,false,query-213.rq,3,1,2,3,0,8
B,false,query-214.rq,1,1,1,2,0,4
B,false,query-214.rq,2,1,1,1,0,2
B,false,query-214.rq,3,1,2,3,0,8
B,false,query-215.rq,1,1,0,0,1,1
B,false,query-215.rq,2,1,1,1,0,2
B,false,query-215.rq,3,1,1,2,1,4
B,false,query-215.rq,4,1,1,3,0,8
B,false,query-215.rq,5,1,3,4,1,12
B,false,query-215.rq,6,1,3,5,0,24
B,false,query-215.rq,7,1,3,6,0,48
B,false,query-215.rq,8,1,3,7,1,96
B,false,query-215.rq,9,1,3,8,1,192
B,false,query-215.rq,10,1,4,9,1,192
B,false,query-215.rq,11,1,5,14,1,3072
B,false,query-216.rq,1,1,1,1,0,12
B,false,query-217.rq,1,1,1,2,1,4
B,false,query-217.rq,2,1,1,1,0,2
B,false,query-217.rq,3,1,1,1,0,2
B,false,query-217.rq,4,1,1,1,0,2
B,false,query-217.rq,5,1,1,1,1,2
B,false,query-218.rq,0,-1,0,0,0,0
B,false,query-219.rq,0,-1,0,0,0,0
B,false,query-22.rq,1,1,1,6,0,64
B,false,query-220.rq,0,-1,0,0,0,0
B,false,query-221.rq,1,1,1,1,0,12
B,false,query-222.rq,1,1,1,1,0,2
B,false,query-222.rq,2,1,1,1,0,2
B,false,query-222.rq,3,1,1,1,0,2
B,false,query-222.rq,4,1,1,2,1,4
B,false,query-222.rq,5,1,1,1,0,2
B,false,query-222.rq,6,1,1,1,1,2
B,false,query-222.rq,7,1,1,2,0,4
B,false,query-222.rq,8,1,1,2,0,4
B,false,query-222.rq,9,1,1,1,0,2
B,false,query-222.rq,10,1,1,2,0,4
B,false,query-223.rq,0,-1,0,0,0,0
B,false,query-224.rq,1,1,1,2,0,24
B,false,query-224.rq,2,1,1,1,0,12
B,false,query-224.rq,3,1,1,1,0,2
B,false,query-224.rq,4,1,1,1,0,2
B,false,query-224.rq,5,1,1,1,1,2
B,false,query-224.rq,6,1,1,1,0,2
B,false,query-224.rq,7,1,1,1,0,2
B,false,query-224.rq,8,1,1,1,0,2
B,false,query-224.rq,9,1,1,1,0,2
B,false,query-225.rq,1,1,1,5,0,32
B,false,query-225.rq,2,1,1,4,0,16
B,false,query-225.rq,3,1,1,3,0,8
B,false,query-226.rq,1,1,1,1,0,12
B,false,query-227.rq,1,1,1,1,0,12
B,false,query-228.rq,1,1,4,9,2,64
B,false,query-228.rq,2,1,4,9,1,64
B,false,query-229.rq,1,1,1,1,0,2
B,false,query-229.rq,2,1,1,1,0,2
B,false,query-229.rq,3,1,1,1,0,2
B,false,query-229.rq,4,1,1,1,0,2
B,false,query-23.rq,1,1,1,1,1,12
B,false,query-230.rq,1,1,0,0,0,1
B,false,query-230.rq,2,1,3,4,0,12
B,false,query-231.rq,1,1,1,4,0,16
B,false,query-231.rq,2,1,3,3,1,6
B,false,query-232.rq,1,1,4,7,8,432
B,false,query-232.rq,2,1,4,8,10,864
B,false,query-232.rq,3,1,2,2,0,6
B,false,query-233.rq,1,1,1,4,0,16
B,false,query-233.rq,2,1,1,3,0,8
B,false,query-234.rq,1,1,2,3,0,4
B,false,query-234.rq,2,1,3,6,1,16
B,false,query-235.rq,1,1,3,6,0,16
B,false,query-235.rq,2,1,3,6,0,16
B,false,query-235.rq,3,1,3,6,0,16
B,false,query-235.rq,4,1,4,9,2,64
B,false,query-236.rq,1,1,2,3,0,4
B,false,query-236.rq,2,1,2,3,1,4
B,false,query-236.rq,3,1,4,9,2,64
B,false,query-236.rq,4,1,4,9,1,64
B,false,query-237.rq,1,1,1,2,0,4
B,false,query-237.rq,2,1,1,1,0,2
B,false,query-238.rq,1,1,1,2,0,4
B,false,query-238.rq,2,1,1,2,0,4
B,false,query-239.rq,1,1,1,2,0,24
B,false,query-239.rq,2,1,1,1,1,2
B,false,query-239.rq,3,1,1,1,0,2
B,false,query-239.rq,4,1,2,2,1,12
B,false,query-239.rq,5,1,3,3,0,6
B,false,query-239.rq,6,1,1,1,0,2
B,false,query-239.rq,7,1,1,1,0,2
B,false,query-239.rq,8,1,1,1,0,2
B,false,query-239.rq,9,1,1,1,0,2
B,false,query-24.rq,1,1,2,6,1,96
B,false,query-240.rq,1,1,0,0,0,1
B,false,query-240.rq,2,1,4,6,0,24
B,false,query-241.rq,1,1,0,0,0,1
B,false,query-241.rq,2,1,3,8,6,1152
B,false,query-241.rq,3,1,1,2,1,4
B,false,query-241.rq,4,1,1,1,0,2
B,false,query-241.rq,5,1,1,1,0,2
B,false,query-241.rq,6,1,1,1,0,2
B,false,query-241.rq,7,1,1,1,0,2
B,false,query-241.rq,8,1,1,1,0,2
B,false,query-241.rq,9,1,1,1,0,2
B,false,query-241.rq,10,1,1,1,1,2
B,false,query-241.rq,11,1,1,1,0,2
B,false,query-241.rq,12,1,1,1,0,2
B,false,query-241.rq,13,1,1,1,0,2
B,false,query-241.rq,14,1,1,1,0,2
B,false,query-241.rq,15,1,1,1,0,2
B,false,query-241.rq,16,1,1,1,0,2
B,false,query-241.rq,17,1,2,4,0,24
B,false,query-241.rq,18,1,2,4,0,24
B,false,query-241.rq,19,1,1,1,0,2
B,false,query-241.rq,20,1,1,1,1,2
B,false,query-241.rq,21,1,1,1,0,2
B,false,query-241.rq,22,1,2,5,1,48
B,false,query-241.rq,23,1,1,1,0,2
B,false,query-241.rq,24,1,1,1,1,2
B,false,query-241.rq,25,1,1,1,0,2
B,false,query-241.rq,26,1,1,1,0,2
B,false,query-242.rq,1,1,1,1,0,2
B,false,query-242.rq,2,1,1,1,0,2
B,false,query-242.rq,3,1,1,1,0,2
B,false,query-242.rq,4,1,1,2,0,4
B,false,query-242.rq,5,1,1,1,0,2
B,false,query-243.rq,1,1,1,6,2,2304
B,false,query-243.rq,2,1,1,1,0,2
B,false,query-243.rq,3,1,4,12,0,1536
B,false,query-244.rq,1,1,0,0,0,1
B,false,query-244.rq,2,1,5,20,1,3538944
B,false,query-245.rq,1,1,0,0,0,1
B,false,query-245.rq,2,1,1,1,0,2
B,false,query-245.rq,3,1,1,2,1,4
B,false,query-245.rq,4,1,1,3,0,8
B,false,query-245.rq,5,1,3,4,0,12
B,false,query-245.rq,6,1,3,5,1,24
B,false,query-245.rq,7,1,3,6,0,48
B,false,query-245.rq,8,1,3,7,0,96
B,false,query-245.rq,9,1,3,8,1,192
B,false,query-245.rq,10,1,4,9,1,192
B,false,query-245.rq,11,1,5,14,1,3072
B,false,query-246.rq,1,1,1,4,0,16
B,false,query-247.rq,1,1,2,3,1,4
B,false,query-247.rq,2,1,2,3,0,4
B,false,query-247.rq,3,1,2,3,0,4
B,false,query-247.rq,4,1,3,6,1,16
B,false,query-247.rq,5,1,2,3,0,4
B,false,query-247.rq,6,1,2,3,0,4
B,false,query-247.rq,7,1,4,9,1,64
B,false,query-247.rq,8,1,2,3,0,4
B,false,query-247.rq,9,1,2,3,0,4
B,false,query-247.rq,10,1,2,3,1,4
B,false,query-247.rq,11,1,3,6,1,16
B,false,query-248.rq,1,1,1,2,0,4
B,false,query-249.rq,1,1,5,14,1,3072
B,false,query-25.rq,1,1,1,5,0,32
B,false,query-25.rq,2,1,1,4,0,16
B,false,query-25.rq,3,1,1,3,0,8
B,false,query-250.rq,1,1,5,14,0,3072
B,false,query-251.rq,1,1,1,2,0,4
B,false,query-252.rq,1,1,2,3,1,12
B,false,query-252.rq,2,1,1,1,0,12
B,false,query-253.rq,1,1,0,0,0,1
B,false,query-253.rq,2,1,1,2,0,4
B,false,query-254.rq,1,1,2,3,1,4
B,false,query-254.rq,2,1,2,3,0,4
B,false,query-254.rq,3,1,2,3,1,4
B,false,query-254.rq,4,1,3,6,0,16
B,false,query-255.rq,0,-1,0,0,0,0
B,false,query-256.rq,1,1,5,16,1,12288
B,false,query-257.rq,1,1,1,8,0,256
B,false,query-258.rq,1,1,1,4,0,16
B,false,query-258.rq,2,1,1,2,0,4
B,false,query-259.rq,1,1,5,14,1,3072
B,false,query-26.rq,0,-1,0,0,0,0
B,false,query-260.rq,1,1,1,1,0,12
B,false,query-261.rq,1,1,1,9,0,512
B,false,query-262.rq,1,1,1,1,0,2
B,false,query-263.rq,1,1,1,1,0,12
B,false,query-264.rq,0,-1,0,0,0,0
B,false,query-265.rq,1,1,1,1,0,2
B,false,query-266.rq,1,1,0,0,0,1
B,false,query-266.rq,2,1,3,5,0,8
B,false,query-267.rq,1,1,3,5,1,72
B,false,query-267.rq,2,1,2,2,0,6
B,false,query-267.rq,3,1,4,8,10,864
B,false,query-267.rq,4,1,2,2,0,6
B,false,query-268.rq,1,1,1,2,0,4
B,false,query-269.rq,1,1,1,1,0,2
B,false,query-269.rq,2,1,1,1,0,2
B,false,query-269.rq,3,1,1,1,0,2
B,false,query-269.rq,4,1,1,2,1,4
B,false,query-269.rq,5,1,1,1,0,2
B,false,query-269.rq,6,1,1,1,0,2
B,false,query-269.rq,7,1,1,2,0,4
B,false,query-269.rq,8,1,1,2,0,4
B,false,query-269.rq,9,1,1,1,0,2
B,false,query-269.rq,10,1,1,2,0,4
B,false,query-27.rq,1,1,2,3,0,12
B,false,query-27.rq,2,1,1,1,0,2
B,false,query-270.rq,0,-1,0,0,0,0
B,false,query-271.rq,0,-1,0,0,0,0
B,false,query-272.rq,1,1,1,1,0,12
B,false,query-273.rq,1,1,4,9,1,64
B,false,query-273.rq,2,1,4,9,0,64
B,false,query-274.rq,1,1,2,3,0,4
B,false,query-274.rq,2,1,3,6,1,16
B,false,query-275.rq,1,1,3,6,0,16
B,false,query-275.rq,2,1,3,6,0,16
B,false,query-275.rq,3,1,3,6,1,16
B,false,query-275.rq,4,1,4,9,1,64
B,false,query-276.rq,1,1,2,3,0,4
B,false,query-276.rq,2,1,2,3,0,4
B,false,query-276.rq,3,1,4,9,2,64
B,false,query-276.rq,4,1,4,9,1,64
B,false,query-277.rq,1,1,0,0,0,1
B,false,query-277.rq,2,1,4,6,0,24
B,false,query-278.rq,1,1,1,1,1,2
B,false,query-278.rq,2,1,1,1,0,2
B,false,query-278.rq,3,1,1,1,0,2
B,false,query-278.rq,4,1,1,2,0,4
B,false,query-278.rq,5,1,1,1,0,2
B,false,query-279.rq,1,1,1,4,0,16
B,false,query-28.rq,0,-1,0,0,0,0
B,false,query-280.rq,1,1,2,3,0,4
B,false,query-280.rq,2,1,2,3,0,4
B,false,query-280.rq,3,1,2,3,1,4
B,false,query-280.rq,4,1,3,6,0,16
B,false,query-280.rq,5,1,2,3,0,4
B,false,query-280.rq,6,1,2,3,0,4
B,false,query-280.rq,7,1,4,9,0,64
B,false,query-280.rq,8,1,2,3,0,4
B,false,query-280.rq,9,1,2,3,0,4
B,false,query-280.rq,10,1,2,3,0,4
B,false,query-280.rq,11,1,3,6,1,16
B,false,query-281.rq,1,1,1,2,0,4
B,false,query-282.rq,1,1,2,3,1,4
B,false,query-282.rq,2,1,2,3,0,4
B,false,query-282.rq,3,1,2,3,0,4
B,false,query-282.rq,4,1,3,6,0,16
B,false,query-283.rq,1,1,5,16,1,12288
B,false,query-284.rq,1,1,1,4,0,16
B,false,query-284.rq,2,1,1,1,0,2
B,false,query-284.rq,3,1,1,3,0,8
B,false,query-285.rq,1,1,2,6,0,96
B,false,query-286.rq,1,1,1,1,1,2
B,false,query-286.rq,2,1,1,1,0,2
B,false,query-287.rq,1,1,1,1,1,12
B,false,query-288.rq,1,1,1,4,0,16
B,false,query-289.rq,0,-1,0,0,0,0
B,false,query-29.rq,0,-1,0,0,0,0
B,false,query-290.rq,1,1,0,0,0,1
B,false,query-290.rq,2,1,3,4,0,12
B,false,query-291.rq,1,1,1,6,1,64
B,false,query-292.rq,1,1,1,1,0,2
B,false,query-292.rq,2,1,1,1,0,2
B,false,query-292.rq,3,1,1,1,0,2
B,false,query-292.rq,4,1,1,2,0,4
B,false,query-292.rq,5,1,1,1,1,2
B,false,query-293.rq,1,1,2,2,0,2
B,false,query-293.rq,2,1,1,1,1,2
B,false,query-293.rq,3,1,1,1,0,2
B,false,query-293.rq,4,1,2,2,0,4
B,false,query-293.rq,5,1,1,1,0,2
B,false,query-293.rq,6,1,1,1,0,2
B,false,query-293.rq,7,1,1,1,0,2
B,false,query-293.rq,8,1,1,1,0,2
B,false,query-293.rq,9,1,1,1,0,2
B,false,query-293.rq,10,1,1,1,0,2
B,false,query-293.rq,11,1,1,3,0,8
B,false,query-293.rq,12,1,1,1,0,2
B,false,query-293.rq,13,1,1,1,0,2
B,false,query-293.rq,14,1,1,2,0,4
B,false,query-293.rq,15,1,2,2,0,2
B,false,query-293.rq,16,1,1,1,0,2
B,false,query-293.rq,17,1,1,1,0,2
B,false,query-293.rq,18,1,1,1,0,2
B,false,query-293.rq,19,1,1,1,0,2
B,false,query-293.rq,20,1,1,1,0,2
B,false,query-293.rq,21,1,1,1,0,2
B,false,query-293.rq,22,1,1,1,0,2
B,false,query-294.rq,1,1,0,0,0,1
B,false,query-294.rq,2,1,1,1,0,2
B,false,query-294.rq,3,1,1,1,0,12
B,false,query-295.rq,1,1,3,7,2,288
B,false,query-296.rq,1,1,1,3,1,8
B,false,query-297.rq,0,-1,0,0,0,0
B,false,query-298.rq,1,1,1,1,0,2
B,false,query-298.rq,2,1,1,1,1,2
B,false,query-298.rq,3,1,1,1,0,2
B,false,query-298.rq,4,1,1,2,0,4
B,false,query-299.rq,1,1,1,3,0,8
B,false,query-299.rq,2,1,1,1,0,2
B,false,query-3.rq,1,1,1,2,0,4
B,false,query-3.rq,2,1,1,2,0,4
B,false,query-30.rq,1,1,0,0,0,1
B,false,query-30.rq,2,1,2,3,0,72
B,false,query-300.rq,1,1,1,2,1,4
B,false,query-301.rq,1,1,3,5,1,72
B,false,query-301.rq,2,1,2,2,0,6
B,false,query-301.rq,3,1,4,8,9,864
B,false,query-301.rq,4,1,2,2,0,6
B,false,query-302.rq,1,1,1,1,0,2
B,false,query-302.rq,2,1,1,1,0,2
B,false,query-302.rq,3,1,1,1,0,2
B,false,query-302.rq,4,1,1,2,1,4
B,false,query-303.rq,1,1,1,1,0,2
B,false,query-303.rq,2,1,1,1,1,2
B,false,query-303.rq,3,1,1,3,0,8
B,false,query-303.rq,4,1,1,3,0,8
B,false,query-304.rq,1,1,4,9,1,64
B,false,query-305.rq,1,1,3,6,1,16
B,false,query-306.rq,1,1,0,0,0,1
B,false,query-306.rq,2,1,3,3,0,6
B,false,query-307.rq,1,1,1,3,0,48
B,false,query-308.rq,1,1,1,2,0,4
B,false,query-308.rq,2,1,1,1,0,2
B,false,query-309.rq,1,1,0,0,0,1
B,false,query-309.rq,2,1,1,1,0,2
B,false,query-309.rq,3,1,1,2,0,4
B,false,query-309.rq,4,1,1,3,0,8
B,false,query-309.rq,5,1,3,4,0,12
B,false,query-309.rq,6,1,3,5,0,24
B,false,query-309.rq,7,1,3,6,1,48
B,false,query-309.rq,8,1,3,7,0,96
B,false,query-309.rq,9,1,3,8,1,192
B,false,query-309.rq,10,1,4,9,1,192
B,false,query-309.rq,11,1,5,14,1,3072
B,false,query-31.rq,1,1,2,2,0,4
B,false,query-310.rq,1,1,0,0,0,1
B,false,query-310.rq,2,1,1,1,0,2
B,false,query-310.rq,3,1,1,2,0,4
B,false,query-310.rq,4,1,1,3,0,8
B,false,query-310.rq,5,1,3,4,0,12
B,false,query-310.rq,6,1,3,5,0,24
B,false,query-310.rq,7,1,3,6,0,48
B,false,query-310.rq,8,1,3,7,0,96
B,false,query-310.rq,9,1,3,8,1,192
B,false,query-310.rq,10,1,4,9,0,192
B,false,query-310.rq,11,1,5,14,1,3072
B,false,query-311.rq,1,1,1,3,0,8
B,false,query-312.rq,1,1,1,4,0,16
B,false,query-312.rq,2,1,1,2,0,4
B,false,query-313.rq,1,1,2,3,0,4
B,false,query-313.rq,2,1,2,3,0,4
B,false,query-313.rq,3,1,2,3,0,4
B,false,query-313.rq,4,1,2,3,0,4
B,false,query-313.rq,5,1,2,3,0,4
B,false,query-313.rq,6,1,4,9,1,64
B,false,query-313.rq,7,1,2,3,0,4
B,false,query-314.rq,1,1,3,6,1,16
B,false,query-314.rq,2,1,4,9,1,64
B,false,query-314.rq,3,1,2,3,1,4
B,false,query-314.rq,4,1,2,3,0,4
B,false,query-314.rq,5,1,2,3,0,4
B,false,query-315.rq,1,1,1,1,0,12
B,false,query-316.rq,1,1,1,1,0,12
B,false,query-317.rq,1,1,1,1,0,12
B,false,query-318.rq,1,1,0,0,0,1
B,false,query-318.rq,2,1,1,1,0,12
B,false,query-318.rq,3,1,1,1,0,2
B,false,query-319.rq,1,1,0,0,0,1
B,false,query-32.rq,1,1,2,3,0,12
B,false,query-32.rq,2,1,1,1,0,2
B,false,query-320.rq,1,1,0,0,1,1
B,false,query-320.rq,2,1,3,4,0,12
B,false,query-321.rq,1,1,1,1,0,12
B,false,query-322.rq,1,1,1,7,0,128
B,false,query-323.rq,1,1,1,3,0,8
B,false,query-323.rq,2,1,1,2,0,4
B,false,query-324.rq,1,1,1,3,0,8
B,false,query-324.rq,2,1,1,2,0,4
B,false,query-325.rq,1,1,1,5,0,32
B,false,query-325.rq,2,1,1,5,0,32
B,false,query-326.rq,1,1,1,4,0,16
B,false,query-327.rq,1,1,1,1,0,2
B,false,query-328.rq,1,1,1,1,0,12
B,false,query-329.rq,1,1,1,1,0,12
B,false,query-33.rq,1,1,1,2,0,4
B,false,query-33.rq,2,1,1,1,0,2
B,false,query-33.rq,3,1,1,1,0,2
B,false,query-33.rq,4,1,1,2,1,4
B,false,query-33.rq,5,1,1,1,0,2
B,false,query-33.rq,6,1,1,1,0,12
B,false,query-33.rq,7,1,1,1,0,2
B,false,query-33.rq,8,1,1,1,0,2
B,false,query-33.rq,9,1,1,1,1,2
B,false,query-33.rq,10,1,1,1,0,12
B,false,query-33.rq,11,1,1,2,0,4
B,false,query-330.rq,0,-1,0,0,0,0
B,false,query-331.rq,1,1,0,0,0,1
B,false,query-332.rq,1,1,1,1,0,2
B,false,query-333.rq,1,1,1,1,0,12
B,false,query-334.rq,1,1,1,3,0,8
B,false,query-335.rq,1,1,1,1,0,2
B,false,query-336.rq,1,1,5,10,115,5184
B,false,query-337.rq,1,1,4,7,2,16
B,false,query-338.rq,1,1,1,4,1,16
B,false,query-338.rq,2,1,1,1,0,2
B,false,query-338.rq,3,1,1,3,1,8
B,false,query-339.rq,0,-1,0,0,0,0
B,false,query-34.rq,0,-1,0,0,0,0
B,false,query-340.rq,1,1,1,6,1,64
B,false,query-341.rq,1,1,1,1,0,2
B,false,query-341.rq,2,1,1,1,0,2
B,false,query-341.rq,3,1,1,1,1,2
B,false,query-341.rq,4,1,1,2,0,4
B,false,query-342.rq,1,1,1,1,1,2
B,false,query-342.rq,2,1,1,1,0,2
B,false,query-342.rq,3,1,1,1,0,2
B,false,query-342.rq,4,1,1,2,0,4
B,false,query-343.rq,1,1,1,1,0,2
B,false,query-343.rq,2,1,1,1,0,2
B,false,query-343.rq,3,1,1,3,0,8
B,false,query-343.rq,4,1,1,3,0,8
B,false,query-344.rq,1,1,4,9,1,64
B,false,query-345.rq,1,1,3,6,0,16
B,false,query-346.rq,1,1,1,3,0,48
B,false,query-347.rq,1,1,1,2,0,4
B,false,query-347.rq,2,1,1,1,1,2
B,false,query-348.rq,1,1,1,4,0,16
B,false,query-348.rq,2,1,1,2,1,4
B,false,query-349.rq,1,1,2,3,0,4
B,false,query-349.rq,2,1,2,3,1,4
B,false,query-349.rq,3,1,2,3,0,4
B,false,query-349.rq,4,1,2,3,1,4
B,false,query-349.rq,5,1,2,3,0,4
B,false,query-349.rq,6,1,4,9,1,64
B,false,query-349.rq,7,1,2,3,0,4
B,false,query-35.rq,1,1,2,4,0,24
B,false,query-35.rq,2,1,1,1,1,2
B,false,query-35.rq,3,1,1,1,0,2
B,false,query-35.rq,4,1,1,1,0,2
B,false,query-35.rq,5,1,1,1,0,2
B,false,query-35.rq,6,1,1,1,0,2
B,false,query-35.rq,7,1,1,1,0,2
B,false,query-350.rq,1,1,3,6,0,16
B,false,query-350.rq,2,1,4,9,2,64
B,false,query-350.rq,3,1,2,3,0,4
B,false,query-350.rq,4,1,2,3,0,4
B,false,query-350.rq,5,1,2,3,0,4
B,false,query-351.rq,1,1,1,2,0,24
B,false,query-352.rq,1,1,1,1,0,2
B,false,query-352.rq,2,1,1,1,0,2
B,false,query-352.rq,3,1,1,1,0,2
B,false,query-352.rq,4,1,1,2,0,4
B,false,query-352.rq,5,1,1,2,0,4
B,false,query-353.rq,1,1,2,6,1,96
B,false,query-353.rq,2,1,2,6,4,96
B,false,query-354.rq,1,1,1,2,0,4
B,false,query-354.rq,2,1,1,2,1,4
B,false,query-354.rq,3,1,4,7,0,16
B,false,query-354.rq,4,1,2,2,1,2
B,false,query-355.rq,1,1,1,4,0,16
B,false,query-356.rq,1,1,1,2,0,24
B,false,query-357.rq,0,-1,0,0,0,0
B,false,query-358.rq,1,1,3,4,0,12
B,false,query-358.rq,2,1,1,1,0,2
B,false,query-358.rq,3,1,1,1,0,2
B,false,query-358.rq,4,1,1,1,0,2
B,false,query-358.rq,5,1,1,1,0,2
B,false,query-358.rq,6,1,1,1,0,2
B,false,query-358.rq,7,1,1,1,0,2
B,false,query-358.rq,8,1,1,1,0,2
B,false,query-358.rq,9,1,1,1,0,2
B,false,query-358.rq,10,1,2,2,0,12
B,false,query-358.rq,11,1,3,3,0,36
B,false,query-358.rq,12,1,1,1,0,2
B,false,query-358.rq,13,1,1,1,0,2
B,false,query-358.rq,14,1,1,1,0,2
B,false,query-358.rq,15,1,1,1,1,2
B,false,query-358.rq,16,1,1,1,0,2
B,false,query-358.rq,17,1,1,1,0,2
B,false,query-358.rq,18,1,1,1,0,2
B,false,query-358.rq,19,1,2,2,0,12
B,false,query-358.rq,20,1,2,2,0,12
B,false,query-358.rq,21,1,1,1,0,2
B,false,query-358.rq,22,1,1,1,1,2
B,false,query-358.rq,23,1,1,1,0,2
B,false,query-358.rq,24,1,2,2,0,12
B,false,query-358.rq,25,1,1,1,0,2
B,false,query-359.rq,1,1,1,4,0,16
B,false,query-359.rq,2,1,1,3,1,8
B,false,query-36.rq,1,1,1,1,0,2
B,false,query-36.rq,2,1,1,1,0,2
B,false,query-36.rq,3,1,1,1,0,2
B,false,query-36.rq,4,1,1,1,0,2
B,false,query-360.rq,1,1,0,0,0,1
B,false,query-360.rq,2,1,1,1,0,2
B,false,query-360.rq,3,1,1,1,0,2
B,false,query-360.rq,4,1,1,1,0,2
B,false,query-360.rq,5,1,1,1,0,2
B,false,query-360.rq,6,1,1,1,0,2
B,false,query-360.rq,7,1,1,1,0,2
B,false,query-360.rq,8,1,1,1,0,2
B,false,query-360.rq,9,1,1,1,0,2
B,false,query-360.rq,10,1,1,1,0,2
B,false,query-360.rq,11,1,1,1,1,2
B,false,query-360.rq,12,1,1,1,0,2
B,false,query-360.rq,13,1,1,1,0,2
B,false,query-360.rq,14,1,1,1,0,2
B,false,query-360.rq,15,1,1,1,0,2
B,false,query-360.rq,16,1,1,1,0,2
B,false,query-360.rq,17,1,1,1,0,2
B,false,query-360.rq,18,1,1,1,0,2
B,false,query-360.rq,19,1,1,1,0,2
B,false,query-360.rq,20,1,1,1,0,2
B,false,query-360.rq,21,1,1,1,0,2
B,false,query-360.rq,22,1,1,1,0,2
B,false,query-360.rq,23,1,1,1,0,2
B,false,query-360.rq,24,1,1,1,0,2
B,false,query-360.rq,25,1,1,1,0,2
B,false,query-360.rq,26,1,1,1,0,2
B,false,query-360.rq,27,1,1,1,0,2
B,false,query-361.rq,1,1,2,2,0,2
B,false,query-361.rq,2,1,1,1,0,2
B,false,query-361.rq,3,1,2,2,1,4
B,false,query-361.rq,4,1,1,1,0,2
B,false,query-361.rq,5,1,1,1,0,2
B,false,query-361.rq,6,1,1,1,0,2
B,false,query-361.rq,7,1,1,1,0,2
B,false,query-361.rq,8,1,1,1,0,2
B,false,query-361.rq,9,1,1,1,0,2
B,false,query-361.rq,10,1,1,3,0,8
B,false,query-361.rq,11,1,1,1,0,2
B,false,query-361.rq,12,1,1,1,0,2
B,false,query-361.rq,13,1,1,2,1,4
B,false,query-361.rq,14,1,1,4,0,16
B,false,query-361.rq,15,1,1,1,0,2
B,false,query-361.rq,16,1,1,1,0,2
B,false,query-361.rq,17,1,1,1,0,2
B,false,query-361.rq,18,1,1,1,0,2
B,false,query-361.rq,19,1,1,1,0,2
B,false,query-361.rq,20,1,1,1,0,2
B,false,query-361.rq,21,1,1,1,0,2
B,false,query-361.rq,22,1,1,1,0,2
B,false,query-361.rq,23,1,1,1,0,2
B,false,query-361.rq,24,1,1,1,0,2
B,false,query-362.rq,1,1,1,1,0,2
B,false,query-362.rq,2,1,1,1,0,2
B,false,query-362.rq,3,1,1,1,0,2
B,false,query-362.rq,4,1,2,2,0,2
B,false,query-362.rq,5,1,1,8,0,256
B,false,query-363.rq,1,1,1,8,1,256
B,false,query-364.rq,1,1,1,2,0,4
B,false,query-364.rq,2,1,3,3,1,6
B,false,query-365.rq,1,1,1,1,0,2
B,false,query-366.rq,1,1,1,2,0,4
B,false,query-366.rq,2,1,0,0,0,1
B,false,query-366.rq,3,1,4,6,0,24
B,false,query-366.rq,4,1,3,4,0,12
B,false,query-366.rq,5,1,3,3,1,6
B,false,query-367.rq,1,1,1,2,0,4
B,false,query-367.rq,2,1,1,1,0,2
B,false,query-367.rq,3,1,1,1,0,2
B,false,query-368.rq,1,1,0,0,0,1
B,false,query-368.rq,2,1,3,4,0,12
B,false,query-369.rq,1,1,2,4,1,8
B,false,query-369.rq,2,1,5,12,141,9216
B,false,query-369.rq,3,1,4,9,10,1152
B,false,query-369.rq,4,1,2,4,0,24
B,false,query-369.rq,5,1,3,7,2,144
B,false,query-369.rq,6,1,3,7,4,144
B,false,query-369.rq,7,1,3,7,2,144
B,false,query-369.rq,8,1,3,7,1,144
B,false,query-369.rq,9,1,3,7,0,144
B,false,query-369.rq,10,1,3,5,3,144
B,false,query-37.rq,1,1,1,1,0,2
B,false,query-37.rq,2,1,1,1,1,2
B,false,query-37.rq,3,1,1,1,0,2
B,false,query-37.rq,4,1,2,2,0,2
B,false,query-37.rq,5,1,1,8,0,256
B,false,query-370.rq,1,1,4,7,7,432
B,false,query-370.rq,2,1,4,8,8,864
B,false,query-370.rq,3,1,2,2,0,6
B,false,query-371.rq,1,1,1,1,0,2
B,false,query-371.rq,2,1,1,1,0,2
B,false,query-371.rq,3,1,1,1,1,2
B,false,query-372.rq,1,1,5,14,1,3072
B,false,query-373.rq,1,1,1,4,0,16
B,false,query-373.rq,2,1,3,3,0,6
B,false,query-374.rq,1,1,3,6,1,16
B,false,query-374.rq,2,1,4,9,1,64
B,false,query-374.rq,3,1,3,6,0,16
B,false,query-374.rq,4,1,2,3,1,4
B,false,query-375.rq,1,1,3,6,0,16
B,false,query-375.rq,2,1,2,3,1,4
B,false,query-375.rq,3,1,5,9,1,64
B,false,query-376.rq,0,-1,0,0,0,0
B,false,query-377.rq,1,1,1,1,1,12
B,false,query-378.rq,1,1,1,1,0,12
B,false,query-379.rq,1,1,1,2,1,4
B,false,query-379.rq,2,1,3,6,0,48
B,false,query-38.rq,1,1,2,4,1,144
B,false,query-380.rq,1,1,1,2,0,4
B,false,query-380.rq,2,1,1,1,0,2
B,false,query-380.rq,3,1,3,8,7,3456
B,false,query-380.rq,4,1,1,1,0,2
B,false,query-380.rq,5,1,1,1,0,2
B,false,query-380.rq,6,1,2,5,0,288
B,false,query-380.rq,7,1,1,1,0,2
B,false,query-380.rq,8,1,1,2,0,4
B,false,query-380.rq,9,1,1,1,0,2
B,false,query-380.rq,10,1,2,5,1,288
B,false,query-380.rq,11,1,1,1,0,2
B,false,query-380.rq,12,1,1,1,0,2
B,false,query-380.rq,13,1,1,3,0,48
B,false,query-380.rq,14,1,1,1,0,2
B,false,query-380.rq,15,1,1,1,0,2
B,false,query-380.rq,16,1,3,7,2,1728
B,false,query-380.rq,17,1,1,1,0,2
B,false,query-381.rq,1,1,2,4,0,24
B,false,query-381.rq,2,1,2,4,0,24
B,false,query-381.rq,3,1,1,2,0,4
B,false,query-381.rq,4,1,2,7,1,64
B,false,query-381.rq,5,1,1,2,0,4
B,false,query-381.rq,6,1,3,5,0,8
B,false,query-382.rq,0,-1,0,0,0,0
B,false,query-383.rq,1,1,2,4,1,24
B,false,query-383.rq,2,1,2,4,0,8
B,false,query-383.rq,3,1,3,7,0,16
B,false,query-383.rq,4,1,3,7,0,16
B,false,query-383.rq,5,1,3,7,0,16
B,false,query-383.rq,6,1,3,7,1,16
B,false,query-383.rq,7,1,3,7,1,16
B,false,query-383.rq,8,1,3,5,0,48
B,false,query-383.rq,9,1,1,1,0,2
B,false,query-383.rq,10,1,1,2,0,4
B,false,query-384.rq,1,1,0,0,0,1
B,false,query-384.rq,2,1,1,1,0,2
B,false,query-384.rq,3,1,1,2,1,4
B,false,query-384.rq,4,1,1,3,0,8
B,false,query-384.rq,5,1,1,2,0,24
B,false,query-384.rq,6,1,1,3,0,288
B,false,query-384.rq,7,1,3,8,1,192
B,false,query-384.rq,8,1,4,9,0,192
B,false,query-384.rq,9,1,5,14,0,3072
B,false,query-385.rq,1,1,0,0,0,1
B,false,query-385.rq,2,1,1,1,0,2
B,false,query-385.rq,3,1,1,2,0,4
B,false,query-385.rq,4,1,1,3,0,8
B,false,query-385.rq,5,1,1,2,0,24
B,false,query-385.rq,6,1,1,3,0,288
B,false,query-385.rq,7,1,1,5,7,41472
B,false,query-385.rq,8,1,3,8,1,192
B,false,query-385.rq,9,1,4,9,0,192
B,false,query-385.rq,10,1,5,14,0,3072
B,false,query-386.rq,1,1,1,6,0,64
B,false,query-386.rq,2,1,1,1,0,2
B,false,query-386.rq,3,1,1,10,0,1024
B,false,query-387.rq,1,1,1,2,0,24
B,false,query-388.rq,1,1,1,4,0,16
B,false,query-388.rq,2,1,3,3,1,6
B,false,query-389.rq,0,-1,0,0,0,0
B,false,query-39.rq,1,1,1,5,0,32
B,false,query-39.rq,2,1,1,4,0,16
B,false,query-39.rq,3,1,1,3,0,8
B,false,query-390.rq,1,1,1,2,0,4
B,false,query-390.rq,2,1,3,6,0,48
B,false,query-391.rq,1,1,2,3,0,12
B,false,query-391.rq,2,1,1,1,0,2
B,false,query-391.rq,3,1,1,1,0,2
B,false,query-391.rq,4,1,1,1,0,2
B,false,query-391.rq,5,1,1,1,0,2
B,false,query-391.rq,6,1,1,1,0,2
B,false,query-391.rq,7,1,1,1,0,2
B,false,query-391.rq,8,1,1,1,0,2
B,false,query-391.rq,9,1,1,1,0,2
B,false,query-391.rq,10,1,1,1,0,2
B,false,query-391.rq,11,1,2,2,0,12
B,false,query-391.rq,12,1,1,1,0,2
B,false,query-391.rq,13,1,1,1,0,2
B,false,query-391.rq,14,1,1,1,1,2
B,false,query-391.rq,15,1,1,1,0,2
B,false,query-391.rq,16,1,1,1,0,2
B,false,query-391.rq,17,1,2,2,0,12
B,false,query-391.rq,18,1,1,1,0,2
B,false,query-391.rq,19,1,1,1,0,2
B,false,query-391.rq,20,1,1,1,0,2
B,false,query-391.rq,21,1,2,2,0,12
B,false,query-391.rq,22,1,2,2,0,12
B,false,query-391.rq,23,1,1,1,0,2
B,false,query-391.rq,24,1,2,2,0,12
B,false,query-391.rq,25,1,2,2,0,12
B,false,query-391.rq,26,1,2,2,0,12
B,false,query-391.rq,27,1,3,4,0,12
B,false,query-391.rq,28,1,1,1,0,2
B,false,query-391.rq,29,1,1,1,0,2
B,false,query-392.rq,1,1,1,2,0,4
B,false,query-393.rq,1,1,1,1,0,12
B,false,query-394.rq,1,1,1,1,0,12
B,false,query-395.rq,1,1,1,1,0,12
B,false,query-396.rq,1,1,1,1,0,12
B,false,query-397.rq,1,1,5,14,1,3072
B,false,query-398.rq,1,1,1,1,0,12
B,false,query-399.rq,1,1,1,1,0,12
B,false,query-399.rq,2,1,1,1,0,12
B,false,query-4.rq,1,1,2,2,1,2
B,false,query-4.rq,2,1,1,1,0,2
B,false,query-4.rq,3,1,1,1,0,2
B,false,query-4.rq,4,1,1,1,0,2
B,false,query-4.rq,5,1,2,2,1,4
B,false,query-4.rq,6,1,1,1,0,2
B,false,query-4.rq,7,1,1,1,0,2
B,false,query-4.rq,8,1,1,1,0,2
B,false,query-4.rq,9,1,1,1,0,2
B,false,query-4.rq,10,1,1,1,0,2
B,false,query-4.rq,11,1,1,1,0,2
B,false,query-4.rq,12,1,1,3,1,8
B,false,query-4.rq,13,1,1,1,0,2
B,false,query-4.rq,14,1,1,1,0,2
B,false,query-4.rq,15,1,1,1,0,2
B,false,query-4.rq,16,1,1,1,0,2
B,false,query-4.rq,17,1,1,2,1,4
B,false,query-4.rq,18,1,2,2,0,2
B,false,query-4.rq,19,1,1,1,0,2
B,false,query-4.rq,20,1,1,1,0,2
B,false,query-4.rq,21,1,1,1,0,2
B,false,query-4.rq,22,1,1,1,0,2
B,false,query-4.rq,23,1,1,1,0,2
B,false,query-4.rq,24,1,1,1,0,2
B,false,query-4.rq,25,1,1,1,0,2
B,false,query-4.rq,26,1,1,1,0,2
B,false,query-40.rq,0,-1,0,0,0,0
B,false,query-400.rq,1,1,0,0,0,1
B,false,query-400.rq,2,1,2,2,1,12
B,false,query-401.rq,1,1,1,1,0,12
B,false,query-402.rq,0,-1,0,0,0,0
B,false,query-403.rq,0,-1,0,0,0,0
B,false,query-404.rq,1,1,2,2,0,12
B,false,query-405.rq,0,-1,0,0,0,0
B,false,query-406.rq,1,1,0,0,0,1
B,false,query-406.rq,2,1,1,1,1,2
B,false,query-406.rq,3,1,1,1,0,2
B,false,query-406.rq,4,1,1,1,0,2
B,false,query-406.rq,5,1,1,1,0,2
B,false,query-406.rq,6,1,1,1,0,2
B,false,query-406.rq,7,1,1,1,0,2
B,false,query-406.rq,8,1,1,1,0,2
B,false,query-406.rq,9,1,1,1,0,2
B,false,query-406.rq,10,1,1,1,0,2
B,false,query-406.rq,11,1,1,1,0,2
B,false,query-406.rq,12,1,1,1,0,2
B,false,query-406.rq,13,1,1,1,0,2
B,false,query-407.rq,1,1,1,2,0,4
B,false,query-407.rq,2,1,1,1,0,2
B,false,query-407.rq,3,1,1,1,0,2
B,false,query-407.rq,4,1,1,1,0,2
B,false,query-407.rq,5,1,1,9,0,512
B,false,query-407.rq,6,1,1,1,0,2
B,false,query-408.rq,1,1,0,0,0,1
B,false,query-408.rq,2,1,4,6,1,72
B,false,query-409.rq,1,1,0,0,0,1
B,false,query-409.rq,2,1,1,1,0,12
B,false,query-409.rq,3,1,1,1,0,2
B,false,query-41.rq,1,1,2,4,1,144
B,false,query-410.rq,1,1,1,3,0,8
B,false,query-411.rq,1,1,1,3,0,8
B,false,query-412.rq,1,1,1,4,1,16
B,false,query-413.rq,1,1,1,3,0,8
B,false,query-413.rq,2,1,1,3,1,8
B,false,query-414.rq,1,1,1,3,0,8
B,false,query-415.rq,1,1,1,9,1,512
B,false,query-415.rq,2,1,1,1,0,2
B,false,query-416.rq,1,1,1,1,1,12
B,false,query-417.rq,1,1,0,0,0,1
B,false,query-417.rq,2,1,1,1,0,12
B,false,query-418.rq,1,1,1,3,0,8
B,false,query-419.rq,1,1,1,1,0,2
B,false,query-419.rq,2,1,1,2,0,4
B,false,query-42.rq,1,1,1,4,1,16
B,false,query-42.rq,2,1,1,3,0,8
B,false,query-420.rq,1,1,1,1,0,2
B,false,query-421.rq,1,1,1,2,0,24
B,false,query-422.rq,1,1,1,2,0,24
B,false,query-423.rq,0,-1,0,0,0,0
B,false,query-424.rq,0,-1,0,0,0,0
B,false,query-425.rq,1,1,1,8,0,256
B,false,query-426.rq,1,1,1,2,0,4
B,false,query-426.rq,2,1,3,3,0,6
B,false,query-427.rq,1,1,1,1,0,2
B,false,query-428.rq,1,1,1,2,0,4
B,false,query-428.rq,2,1,0,0,0,1
B,false,query-428.rq,3,1,4,6,0,24
B,false,query-428.rq,4,1,3,4,0,12
B,false,query-428.rq,5,1,3,3,0,6
B,false,query-429.rq,1,1,1,2,0,4
B,false,query-429.rq,2,1,1,1,0,2
B,false,query-429.rq,3,1,1,1,0,2
B,false,query-43.rq,1,1,0,0,0,1
B,false,query-430.rq,1,1,3,6,1,16
B,false,query-430.rq,2,1,4,9,1,64
B,false,query-430.rq,3,1,3,6,0,16
B,false,query-430.rq,4,1,2,3,1,4
B,false,query-431.rq,1,1,3,6,0,16
B,false,query-431.rq,2,1,2,3,0,4
B,false,query-431.rq,3,1,5,9,1,64
B,false,query-432.rq,0,-1,0,0,0,0
B,false,query-433.rq,1,1,0,0,0,1
B,false,query-433.rq,2,1,1,1,0,2
B,false,query-433.rq,3,1,1,2,0,4
B,false,query-433.rq,4,1,1,3,1,8
B,false,query-433.rq,5,1,1,2,0,24
B,false,query-433.rq,6,1,1,3,0,288
B,false,query-433.rq,7,1,3,8,0,192
B,false,query-433.rq,8,1,4,9,0,192
B,false,query-433.rq,9,1,5,14,1,3072
B,false,query-434.rq,0,-1,0,0,0,0
B,false,query-435.rq,0,-1,0,0,0,0
B,false,query-436.rq,1,1,1,4,1,16
B,false,query-437.rq,1,1,3,8,2,192
B,false,query-438.rq,1,1,1,8,14,1536
B,false,query-438.rq,2,1,3,5,0,8
B,false,query-438.rq,3,1,1,1,1,2
B,false,query-438.rq,4,1,2,5,0,16
B,false,query-438.rq,5,1,1,4,0,16
B,false,query-439.rq,1,1,2,3,1,12
B,false,query-439.rq,2,1,1,1,0,2
B,false,query-439.rq,3,1,1,1,0,2
B,false,query-439.rq,4,1,1,1,0,2
B,false,query-439.rq,5,1,2,2,0,12
B,false,query-439.rq,6,1,1,1,0,2
B,false,query-439.rq,7,1,1,1,0,2
B,false,query-439.rq,8,1,1,1,0,2
B,false,query-439.rq,9,1,1,1,0,2
B,false,query-439.rq,10,1,1,1,0,2
B,false,query-439.rq,11,1,1,1,0,2
B,false,query-439.rq,12,1,1,1,0,2
B,false,query-439.rq,13,1,1,1,0,2
B,false,query-44.rq,1,1,2,4,0,24
B,false,query-440.rq,1,1,1,4,1,16
B,false,query-440.rq,2,1,3,3,0,6
B,false,query-441.rq,0,-1,0,0,0,0
B,false,query-442.rq,1,1,5,16,1,12288
B,false,query-443.rq,1,1,0,0,0,1
B,false,query-443.rq,2,1,1,3,0,48
B,false,query-444.rq,1,1,1,4,0,16
B,false,query-444.rq,2,1,1,2,0,4
B,false,query-445.rq,1,1,1,1,0,12
B,false,query-446.rq,1,1,1,1,0,12
B,false,query-447.rq,1,1,1,1,0,12
B,false,query-448.rq,1,1,1,4,1,16
B,false,query-449.rq,1,1,1,4,0,16
B,false,query-45.rq,1,1,1,5,1,32
B,false,query-45.rq,2,1,1,4,0,16
B,false,query-45.rq,3,1,1,3,0,8
B,false,query-46.rq,1,1,1,2,0,24
B,false,query-46.rq,2,1,1,2,0,24
B,false,query-47.rq,1,1,2,5,0,48
B,false,query-48.rq,1,1,1,4,0,16
B,false,query-48.rq,2,1,1,3,0,8
B,false,query-49.rq,1,1,1,2,0,4
B,false,query-5.rq,1,1,2,6,0,96
B,false,query-5.rq,2,1,2,6,0,96
B,false,query-50.rq,1,1,1,2,1,4
B,false,query-50.rq,2,1,1,2,0,4
B,false,query-50.rq,3,1,1,2,1,4
B,false,query-50.rq,4,1,2,6,0,96
B,false,query-50.rq,5,1,1,1,0,2
B,false,query-51.rq,1,1,0,0,0,1
B,false,query-51.rq,2,1,1,5,0,32
B,false,query-51.rq,3,1,1,1,0,2
B,false,query-51.rq,4,1,1,2,0,4
B,false,query-52.rq,1,1,1,5,0,32
B,false,query-52.rq,2,1,1,4,0,16
B,false,query-52.rq,3,1,1,3,1,8
B,false,query-53.rq,1,1,1,1,0,2
B,false,query-53.rq,2,1,1,1,1,2
B,false,query-53.rq,3,1,1,1,0,2
B,false,query-53.rq,4,1,1,2,0,4
B,false,query-53.rq,5,1,1,1,0,2
B,false,query-53.rq,6,1,1,1,1,2
B,false,query-53.rq,7,1,1,3,0,8
B,false,query-53.rq,8,1,1,1,0,2
B,false,query-53.rq,9,1,1,1,0,2
B,false,query-53.rq,10,1,1,1,0,2
B,false,query-53.rq,11,1,1,2,0,4
B,false,query-54.rq,1,1,1,1,0,2
B,false,query-54.rq,2,1,1,1,0,2
B,false,query-54.rq,3,1,1,1,0,2
B,false,query-54.rq,4,1,1,1,0,2
B,false,query-54.rq,5,1,1,1,1,2
B,false,query-55.rq,1,1,1,1,0,2
B,false,query-55.rq,2,1,1,1,1,2
B,false,query-55.rq,3,1,1,1,0,2
B,false,query-55.rq,4,1,1,1,0,2
B,false,query-55.rq,5,1,1,1,0,2
B,false,query-55.rq,6,1,1,3,0,8
B,false,query-55.rq,7,1,1,1,0,2
B,false,query-56.rq,1,1,2,6,1,96
B,false,query-56.rq,2,1,2,6,0,96
B,false,query-57.rq,1,1,1,5,0,32
B,false,query-57.rq,2,1,1,3,0,8
B,false,query-58.rq,0,-1,0,0,0,0
B,false,query-59.rq,0,-1,0,0,0,0
B,false,query-6.rq,1,1,1,1,0,2
B,false,query-6.rq,2,1,1,1,0,2
B,false,query-6.rq,3,1,1,1,0,2
B,false,query-6.rq,4,1,1,1,0,2
B,false,query-6.rq,5,1,1,1,0,2
B,false,query-6.rq,6,1,1,1,0,2
B,false,query-6.rq,7,1,1,1,0,2
B,false,query-6.rq,8,1,1,1,0,2
B,false,query-6.rq,9,1,1,1,0,2
B,false,query-6.rq,10,1,1,1,0,2
B,false,query-6.rq,11,1,1,1,0,2
B,false,query-6.rq,12,1,1,1,0,2
B,false,query-6.rq,13,1,1,1,0,2
B,false,query-6.rq,14,1,1,1,0,2
B,false,query-6.rq,15,1,1,1,0,2
B,false,query-6.rq,16,1,1,1,0,2
B,false,query-6.rq,17,1,1,1,0,2
B,false,query-6.rq,18,1,1,1,0,2
B,false,query-6.rq,19,1,1,1,0,2
B,false,query-6.rq,20,1,1,1,0,2
B,false,query-6.rq,21,1,1,1,0,2
B,false,query-6.rq,22,1,1,1,0,2
B,false,query-60.rq,1,1,1,7,0,128
B,false,query-60.rq,2,1,1,1,0,2
B,false,query-61.rq,1,1,1,2,0,4
B,false,query-61.rq,2,1,1,1,0,2
B,false,query-61.rq,3,1,1,1,0,2
B,false,query-61.rq,4,1,1,1,0,2
B,false,query-61.rq,5,1,1,5,0,32
B,false,query-61.rq,6,1,1,3,0,8
B,false,query-61.rq,7,1,1,3,1,8
B,false,query-61.rq,8,1,1,2,0,4
B,false,query-61.rq,9,1,1,1,0,2
B,false,query-61.rq,10,1,1,2,0,4
B,false,query-61.rq,11,1,3,7,1,192
B,false,query-61.rq,12,1,1,1,0,2
B,false,query-62.rq,1,1,1,2,1,4
B,false,query-62.rq,2,1,2,3,0,4
B,false,query-62.rq,3,1,3,4,1,12
B,false,query-63.rq,1,1,1,2,0,4
B,false,query-64.rq,1,1,2,6,0,96
B,false,query-64.rq,2,1,2,6,1,96
B,false,query-65.rq,1,1,3,8,2,192
B,false,query-65.rq,2,1,1,2,0,4
B,false,query-65.rq,3,1,1,2,0,4
B,false,query-65.rq,4,1,4,7,0,16
B,false,query-65.rq,5,1,2,2,0,2
B,false,query-66.rq,1,1,1,2,0,4
B,false,query-66.rq,2,1,1,2,1,4
B,false,query-66.rq,3,1,4,7,0,16
B,false,query-66.rq,4,1,2,2,0,2
B,false,query-66.rq,5,0,3,6,1,0
B,false,query-67.rq,1,1,3,8,2,192
B,false,query-67.rq,2,1,1,2,0,4
B,false,query-67.rq,3,1,1,2,0,4
B,false,query-67.rq,4,1,4,7,0,16
B,false,query-67.rq,5,1,2,2,1,2
B,false,query-68.rq,0,-1,0,0,0,0
B,false,query-69.rq,0,-1,0,0,0,0
B,false,query-7.rq,1,1,1,6,1,64
B,false,query-70.rq,1,1,1,8,0,256
B,false,query-70.rq,2,1,1,2,0,4
B,false,query-70.rq,3,1,1,1,0,2
B,false,query-70.rq,4,1,1,2,0,4
B,false,query-71.rq,1,1,1,4,0,16
B,false,query-72.rq,1,1,1,9,1,512
B,false,query-72.rq,2,1,1,2,0,4
B,false,query-73.rq,1,1,7,18,40,55296
B,false,query-74.rq,1,1,1,2,0,4
B,false,query-75.rq,1,1,1,1,0,2
B,false,query-75.rq,2,1,2,2,0,6
B,false,query-75.rq,3,1,1,1,0,12
B,false,query-76.rq,1,1,1,1,0,2
B,false,query-76.rq,2,1,1,1,0,2
B,false,query-76.rq,3,1,1,2,0,4
B,false,query-77.rq,1,1,1,1,0,12
B,false,query-77.rq,2,-1,7,19,-1,-1
B,false,query-77.rq,3,1,1,1,1,12
B,false,query-78.rq,1,1,1,1,0,12
B,false,query-79.rq,0,-1,0,0,0,0
B,false,query-8.rq,1,1,1,5,0,32
B,false,query-80.rq,1,1,1,1,0,12
B,false,query-81.rq,1,1,2,4,0,24
B,false,query-81.rq,2,1,1,1,0,2
B,false,query-81.rq,3,1,1,1,0,2
B,false,query-81.rq,4,1,1,1,0,2
B,false,query-81.rq,5,1,1,1,0,2
B,false,query-81.rq,6,1,1,1,0,2
B,false,query-81.rq,7,1,1,1,0,2
B,false,query-81.rq,8,1,1,1,0,2
B,false,query-81.rq,9,1,1,1,0,2
B,false,query-81.rq,10,1,1,1,0,2
B,false,query-81.rq,11,1,1,1,0,2
B,false,query-81.rq,12,1,1,1,0,2
B,false,query-81.rq,13,1,1,1,0,2
B,false,query-81.rq,14,1,1,1,0,2
B,false,query-81.rq,15,1,1,1,0,2
B,false,query-81.rq,16,1,1,1,0,2
B,false,query-81.rq,17,1,1,1,0,2
B,false,query-81.rq,18,1,1,1,0,2
B,false,query-81.rq,19,1,1,1,0,2
B,false,query-81.rq,20,1,2,2,0,12
B,false,query-81.rq,21,1,2,2,0,12
B,false,query-81.rq,22,1,3,4,1,12
B,false,query-81.rq,23,1,2,2,0,12
B,false,query-81.rq,24,1,1,1,0,2
B,false,query-81.rq,25,1,1,1,0,2
B,false,query-81.rq,26,1,1,1,0,2
B,false,query-81.rq,27,1,1,1,0,2
B,false,query-81.rq,28,1,1,1,0,2
B,false,query-81.rq,29,1,1,1,0,2
B,false,query-81.rq,30,1,1,1,0,2
B,false,query-81.rq,31,1,1,1,0,2
B,false,query-81.rq,32,1,2,2,0,12
B,false,query-81.rq,33,1,1,1,0,2
B,false,query-81.rq,34,1,1,1,1,2
B,false,query-81.rq,35,1,1,1,0,2
B,false,query-81.rq,36,1,1,1,0,2
B,false,query-81.rq,37,1,1,1,0,2
B,false,query-81.rq,38,1,1,1,0,2
B,false,query-81.rq,39,1,1,1,0,2
B,false,query-81.rq,40,1,1,1,0,2
B,false,query-82.rq,1,1,4,7,4,432
B,false,query-82.rq,2,1,4,8,5,864
B,false,query-82.rq,3,1,2,2,0,6
B,false,query-83.rq,0,-1,0,0,0,0
B,false,query-84.rq,1,1,5,14,1,3072
B,false,query-85.rq,1,1,1,1,0,2
B,false,query-85.rq,2,1,1,2,0,4
B,false,query-86.rq,1,1,1,3,0,8
B,false,query-86.rq,2,1,1,3,1,8
B,false,query-87.rq,1,1,3,6,0,16
B,false,query-88.rq,1,1,2,3,0,4
B,false,query-88.rq,2,1,2,3,0,4
B,false,query-88.rq,3,1,2,3,1,4
B,false,query-88.rq,4,1,3,6,0,16
B,false,query-88.rq,5,1,2,3,0,4
B,false,query-89.rq,1,1,5,12,2,256
B,false,query-89.rq,2,1,2,3,0,4
B,false,query-89.rq,3,1,4,9,0,64
B,false,query-9.rq,1,1,5,13,30,13824
B,false,query-90.rq,0,-1,0,0,0,0
B,false,query-91.rq,1,1,3,9,0,384
B,false,query-92.rq,1,1,1,4,0,16
B,false,query-93.rq,1,1,1,4,0,16
B,false,query-93.rq,2,1,1,2,0,4
B,false,query-93.rq,3,1,1,1,1,2
B,false,query-93.rq,4,1,1,1,0,2
B,false,query-94.rq,1,1,2,3,1,4
B,false,query-94.rq,2,1,2,3,1,4
B,false,query-94.rq,3,1,2,3,0,4
B,false,query-94.rq,4,1,3,6,1,16
B,false,query-94.rq,5,1,2,3,0,4
B,false,query-94.rq,6,1,2,3,0,4
B,false,query-94.rq,7,1,3,6,0,16
B,false,query-94.rq,8,1,3,6,1,16
B,false,query-94.rq,9,1,2,3,0,4
B,false,query-94.rq,10,1,3,6,0,16
B,false,query-95.rq,1,1,1,3,0,8
B,false,query-96.rq,1,1,1,2,0,4
B,false,query-96.rq,2,1,1,2,0,4
B,false,query-96.rq,3,1,1,2,0,4
B,false,query-96.rq,4,1,1,3,0,8
B,false,query-97.rq,1,1,1,2,0,4
B,false,query-97.rq,2,1,4,6,0,24
B,false,query-97.rq,3,1,3,4,1,12
B,false,query-97.rq,4,1,3,3,0,6
B,false,query-98.rq,1,1,1,2,1,4
B,false,query-99.rq,1,1,1,4,0,16
B,true,query-1.rq,1,2,1,1,0,2
B,true,query-1.rq,2,2,1,2,1,4
B,true,query-1.rq,3,2,1,1,0,2
B,true,query-10.rq,1,4,1,2,1,4
B,true,query-100.rq,1,8,1,3,0,8
B,true,query-101.rq,1,8,1,3,0,8
B,true,query-102.rq,1,8,1,3,1,8
B,true,query-102.rq,2,4,1,2,0,4
B,true,query-103.rq,1,2,1,1,0,2
B,true,query-104.rq,0,-1,0,0,0,0
B,true,query-105.rq,1,4,3,5,0,8
B,true,query-106.rq,1,6,1,1,1,12
B,true,query-106.rq,2,2,1,1,0,2
B,true,query-107.rq,1,1,0,0,0,1
B,true,query-107.rq,2,5,2,2,0,12
B,true,query-107.rq,3,5,2,2,0,12
B,true,query-108.rq,1,6,1,1,0,12
B,true,query-109.rq,1,6,1,1,0,12
B,true,query-11.rq,1,16,1,4,0,16
B,true,query-110.rq,1,6,1,1,0,12
B,true,query-111.rq,1,1,0,0,0,1
B,true,query-111.rq,2,4,3,5,0,8
B,true,query-112.rq,1,2,1,1,0,2
B,true,query-113.rq,1,2,1,1,0,2
B,true,query-113.rq,2,2,1,1,0,2
B,true,query-113.rq,3,2,1,1,0,2
B,true,query-113.rq,4,2,1,1,0,2
B,true,query-113.rq,5,2,1,1,0,2
B,true,query-113.rq,6,8,1,3,0,8
B,true,query-113.rq,7,2,1,1,0,2
B,true,query-114.rq,1,4,1,2,0,4
B,true,query-115.rq,1,4,1,2,0,4
B,true,query-116.rq,0,-1,0,0,0,0
B,true,query-117.rq,0,-1,0,0,0,0
B,true,query-118.rq,0,-1,0,0,0,0
B,true,query-119.rq,1,2,1,1,0,2
B,true,query-119.rq,2,4,1,2,1,4
B,true,query-12.rq,1,4,1,2,0,4
B,true,query-12.rq,2,2,1,1,0,2
B,true,query-12.rq,3,2,1,1,0,2
B,true,query-12.rq,4,2,1,1,0,2
B,true,query-12.rq,5,2,1,1,0,2
B,true,query-12.rq,6,2,1,1,0,2
B,true,query-12.rq,7,2,1,1,0,2
B,true,query-120.rq,1,8,1,3,0,8
B,true,query-120.rq,2,4,1,3,1,8
B,true,query-121.rq,1,4,3,6,0,16
B,true,query-122.rq,1,2,2,3,0,4
B,true,query-122.rq,2,2,2,3,0,4
B,true,query-122.rq,3,2,2,3,1,4
B,true,query-122.rq,4,4,3,6,1,16
B,true,query-122.rq,5,2,2,3,0,4
B,true,query-123.rq,1,16,5,12,10,256
B,true,query-123.rq,2,2,2,3,0,4
B,true,query-123.rq,3,8,4,9,3,64
B,true,query-124.rq,1,16,1,4,0,16
B,true,query-125.rq,1,16,1,4,0,16
B,true,query-125.rq,2,4,1,2,0,4
B,true,query-125.rq,3,2,1,1,0,2
B,true,query-125.rq,4,2,1,1,0,2
B,true,query-126.rq,1,2,2,3,0,4
B,true,query-126.rq,2,2,2,3,0,4
B,true,query-126.rq,3,2,2,3,0,4
B,true,query-126.rq,4,4,3,6,1,16
B,true,query-126.rq,5,2,2,3,0,4
B,true,query-126.rq,6,2,2,3,1,4
B,true,query-126.rq,7,4,3,6,0,16
B,true,query-126.rq,8,2,3,6,0,16
B,true,query-126.rq,9,2,2,3,1,4
B,true,query-126.rq,10,4,3,6,1,16
B,true,query-127.rq,1,4,1,2,0,4
B,true,query-127.rq,2,4,1,2,0,4
B,true,query-127.rq,3,4,1,2,0,4
B,true,query-127.rq,4,4,1,3,1,8
B,true,query-128.rq,1,4,1,2,0,4
B,true,query-128.rq,2,16,4,6,1,24
B,true,query-128.rq,3,8,3,4,0,12
B,true,query-128.rq,4,4,3,3,1,6
B,true,query-129.rq,1,4,1,2,0,4
B,true,query-13.rq,1,256,1,8,20,256
B,true,query-13.rq,2,1,0,0,0,1
B,true,query-13.rq,3,2,1,1,0,2
B,true,query-130.rq,0,-1,0,0,0,0
B,true,query-131.rq,1,8,1,3,0,8
B,true,query-132.rq,1,4,1,3,0,8
B,true,query-132.rq,2,2,1,1,0,2
B,true,query-133.rq,1,512,1,9,51,512
B,true,query-133.rq,2,1,4,6,0,8
B,true,query-134.rq,1,32,2,6,3,96
B,true,query-135.rq,1,6,1,1,0,12
B,true,query-136.rq,1,8,3,4,0,12
B,true,query-136.rq,2,2,1,1,0,2
B,true,query-136.rq,3,2,1,1,0,2
B,true,query-136.rq,4,2,1,1,0,2
B,true,query-136.rq,5,2,1,1,0,2
B,true,query-136.rq,6,2,1,1,0,2
B,true,query-136.rq,7,2,1,1,0,2
B,true,query-136.rq,8,2,1,1,0,2
B,true,query-136.rq,9,2,1,1,0,2
B,true,query-136.rq,10,5,2,2,0,12
B,true,query-136.rq,11,4,3,3,0,6
B,true,query-136.rq,12,2,1,1,0,2
B,true,query-136.rq,13,5,2,2,0,12
B,true,query-136.rq,14,2,1,1,0,2
B,true,query-136.rq,15,2,1,1,0,2
B,true,query-136.rq,16,2,1,1,0,2
B,true,query-136.rq,17,2,1,1,0,2
B,true,query-136.rq,18,2,1,1,1,2
B,true,query-136.rq,19,2,1,1,0,2
B,true,query-136.rq,20,2,1,1,0,2
B,true,query-136.rq,21,5,2,2,0,12
B,true,query-136.rq,22,5,2,2,0,12
B,true,query-136.rq,23,2,1,1,0,2
B,true,query-136.rq,24,2,1,1,0,2
B,true,query-136.rq,25,2,1,1,1,2
B,true,query-136.rq,26,5,2,2,0,12
B,true,query-136.rq,27,2,1,1,0,2
B,true,query-137.rq,0,-1,0,0,0,0
B,true,query-138.rq,1,6,1,2,1,24
B,true,query-139.rq,1,128,1,7,8,128
B,true,query-14.rq,1,4,1,2,0,4
B,true,query-14.rq,2,2,1,1,0,2
B,true,query-140.rq,1,4,2,3,1,12
B,true,query-140.rq,2,2,1,1,0,2
B,true,query-140.rq,3,2,1,1,0,2
B,true,query-140.rq,4,2,1,1,0,2
B,true,query-140.rq,5,2,1,1,0,2
B,true,query-140.rq,6,2,1,1,0,2
B,true,query-140.rq,7,2,1,1,0,2
B,true,query-140.rq,8,2,1,1,0,2
B,true,query-140.rq,9,2,1,1,0,2
B,true,query-140.rq,10,2,1,1,0,2
B,true,query-140.rq,11,2,1,1,0,2
B,true,query-140.rq,12,2,1,1,0,2
B,true,query-140.rq,13,2,1,1,0,2
B,true,query-140.rq,14,2,1,1,0,2
B,true,query-140.rq,15,2,1,1,0,2
B,true,query-140.rq,16,2,1,1,0,2
B,true,query-140.rq,17,2,1,1,0,2
B,true,query-140.rq,18,2,1,1,0,2
B,true,query-140.rq,19,2,1,1,0,2
B,true,query-140.rq,20,2,1,1,0,2
B,true,query-141.rq,1,4,1,2,0,4
B,true,query-142.rq,1,576,1,6,79,2304
B,true,query-143.rq,1,1,0,0,0,1
B,true,query-143.rq,2,2,1,1,0,2
B,true,query-144.rq,1,1,0,0,0,1
B,true,query-144.rq,2,16,4,6,1,24
B,true,query-145.rq,1,1,0,0,0,1
B,true,query-145.rq,2,12,1,2,0,24
B,true,query-146.rq,1,2,1,2,0,4
B,true,query-146.rq,2,8,1,3,0,8
B,true,query-146.rq,3,2,1,1,0,2
B,true,query-146.rq,4,2,1,1,0,2
B,true,query-146.rq,5,2,1,1,1,2
B,true,query-147.rq,1,1,0,0,0,1
B,true,query-147.rq,2,2,1,1,0,2
B,true,query-148.rq,1,16,5,12,9,256
B,true,query-149.rq,1,2,1,1,0,2
B,true,query-149.rq,2,2,1,1,0,2
B,true,query-149.rq,3,2,1,1,0,2
B,true,query-149.rq,4,2,1,1,0,2
B,true,query-149.rq,5,2,1,1,1,2
B,true,query-149.rq,6,2,1,1,0,2
B,true,query-149.rq,7,2,2,2,0,2
B,true,query-149.rq,8,2,2,2,0,2
B,true,query-149.rq,9,2,2,2,0,2
B,true,query-149.rq,10,2,1,1,0,2
B,true,query-149.rq,11,4,2,2,0,4
B,true,query-149.rq,12,2,1,1,0,2
B,true,query-149.rq,13,2,1,1,0,2
B,true,query-149.rq,14,2,1,1,0,2
B,true,query-149.rq,15,2,1,1,0,2
B,true,query-149.rq,16,2,1,1,0,2
B,true,query-149.rq,17,16,1,4,0,16
B,true,query-149.rq,18,2,1,1,0,2
B,true,query-149.rq,19,2,1,1,0,2
B,true,query-149.rq,20,4,1,2,0,4
B,true,query-149.rq,21,16,1,4,1,16
B,true,query-149.rq,22,2,1,1,0,2
B,true,query-149.rq,23,2,1,1,0,2
B,true,query-149.rq,24,2,1,1,0,2
B,true,query-149.rq,25,2,1,1,0,2
B,true,query-149.rq,26,2,1,1,0,2
B,true,query-149.rq,27,2,1,1,0,2
B,true,query-149.rq,28,2,1,1,0,2
B,true,query-149.rq,29,2,1,1,0,2
B,true,query-149.rq,30,2,1,1,0,2
B,true,query-149.rq,31,2,1,1,0,2
B,true,query-15.rq,1,16,1,4,0,16
B,true,query-15.rq,2,1,0,0,0,1
B,true,query-15.rq,3,2,1,1,0,2
B,true,query-150.rq,1,16,5,12,8,256
B,true,query-150.rq,2,4,3,6,1,16
B,true,query-150.rq,3,2,2,3,0,4
B,true,query-150.rq,4,2,2,3,0,4
B,true,query-151.rq,1,2,1,1,0,2
B,true,query-151.rq,2,2,1,1,0,2
B,true,query-151.rq,3,2,1,1,1,2
B,true,query-151.rq,4,4,1,2,0,4
B,true,query-151.rq,5,2,1,1,0,2
B,true,query-151.rq,6,2,1,1,0,2
B,true,query-151.rq,7,4,1,2,0,4
B,true,query-151.rq,8,2,1,2,0,4
B,true,query-151.rq,9,2,1,1,0,2
B,true,query-151.rq,10,4,1,2,1,4
B,true,query-152.rq,1,1,0,0,0,1
B,true,query-152.rq,2,5,2,2,0,12
B,true,query-153.rq,1,32,2,6,3,96
B,true,query-154.rq,1,1,0,0,0,1
B,true,query-154.rq,2,32,3,7,2,32
B,true,query-154.rq,3,64,3,8,4,64
B,true,query-154.rq,4,64,3,8,4,64
B,true,query-154.rq,5,8,1,3,0,8
B,true,query-154.rq,6,64,2,6,3,64
B,true,query-155.rq,1,4,1,2,0,4
B,true,query-155.rq,2,4,2,3,0,4
B,true,query-155.rq,3,8,3,4,1,12
B,true,query-156.rq,1,2048,5,14,512,3072
B,true,query-157.rq,1,6,1,1,1,12
B,true,query-158.rq,1,16,3,6,2,48
B,true,query-159.rq,1,6,1,1,0,12
B,true,query-16.rq,1,1,0,0,0,1
B,true,query-16.rq,2,2,1,1,0,2
B,true,query-160.rq,1,6,1,1,1,12
B,true,query-161.rq,1,4,1,2,0,4
B,true,query-161.rq,2,8,1,3,0,8
B,true,query-161.rq,3,1,1,2,0,4
B,true,query-161.rq,4,2,1,1,0,2
B,true,query-162.rq,1,2,1,1,0,2
B,true,query-163.rq,0,-1,0,0,0,0
B,true,query-164.rq,1,6,1,2,0,24
B,true,query-165.rq,1,4,1,2,0,4
B,true,query-166.rq,1,6,1,1,0,12
B,true,query-167.rq,1,6,1,1,1,12
B,true,query-168.rq,1,64,4,7,12,432
B,true,query-169.rq,0,-1,0,0,0,0
B,true,query-17.rq,1,2,1,1,0,2
B,true,query-170.rq,1,16,1,4,1,16
B,true,query-171.rq,0,-1,0,0,0,0
B,true,query-172.rq,1,512,1,10,56,512
B,true,query-172.rq,2,512,1,9,50,512
B,true,query-172.rq,3,512,1,9,49,512
B,true,query-172.rq,4,128,1,7,8,128
B,true,query-172.rq,5,4096,1,12,810,4096
B,true,query-172.rq,6,1024,1,10,117,1024
B,true,query-172.rq,7,8,1,3,0,8
B,true,query-172.rq,8,64,1,6,4,64
B,true,query-172.rq,9,32,1,5,1,32
B,true,query-172.rq,10,32,1,5,3,32
B,true,query-173.rq,1,2,1,2,1,4
B,true,query-173.rq,2,2,1,1,0,2
B,true,query-173.rq,3,4,1,2,0,4
B,true,query-174.rq,1,2,1,1,0,2
B,true,query-174.rq,2,2,1,1,0,2
B,true,query-175.rq,1,4,1,3,1,8
B,true,query-176.rq,0,-1,0,0,0,0
B,true,query-177.rq,1,4,1,2,0,4
B,true,query-178.rq,1,4,1,2,1,4
B,true,query-178.rq,2,2,1,1,0,2
B,true,query-178.rq,3,4,2,3,0,8
B,true,query-179.rq,1,1,0,0,0,1
B,true,query-179.rq,2,2,1,1,0,2
B,true,query-179.rq,3,4,1,2,0,4
B,true,query-179.rq,4,8,1,3,0,8
B,true,query-179.rq,5,8,3,4,1,12
B,true,query-179.rq,6,16,3,5,1,24
B,true,query-179.rq,7,32,3,6,3,48
B,true,query-179.rq,8,64,3,7,6,96
B,true,query-179.rq,9,128,3,8,13,192
B,true,query-179.rq,10,128,4,9,17,192
B,true,query-179.rq,11,2048,5,14,559,3072
B,true,query-18.rq,1,8,3,6,1,16
B,true,query-18.rq,2,2,2,3,0,4
B,true,query-18.rq,3,2,2,2,0,2
B,true,query-18.rq,4,2,2,2,0,2
B,true,query-18.rq,5,2,2,2,1,2
B,true,query-18.rq,6,2,2,2,0,2
B,true,query-18.rq,7,2,2,2,0,2
B,true,query-18.rq,8,2,2,2,0,2
B,true,query-180.rq,1,6,1,1,0,12
B,true,query-181.rq,1,2,2,3,1,12
B,true,query-181.rq,2,6,1,1,0,12
B,true,query-181.rq,3,4,2,2,0,6
B,true,query-182.rq,1,4,1,2,0,4
B,true,query-182.rq,2,2,1,1,0,2
B,true,query-182.rq,3,2,1,1,1,2
B,true,query-182.rq,4,2,1,1,0,2
B,true,query-182.rq,5,2,1,1,0,2
B,true,query-183.rq,1,4,1,2,0,4
B,true,query-184.rq,1,8,1,3,0,8
B,true,query-185.rq,0,-1,0,0,0,0
B,true,query-186.rq,0,-1,0,0,0,0
B,true,query-187.rq,1,6,1,2,0,24
B,true,query-188.rq,0,-1,0,0,0,0
B,true,query-189.rq,1,8,1,3,1,8
B,true,query-189.rq,2,4,1,2,0,4
B,true,query-19.rq,1,64,1,6,4,64
B,true,query-190.rq,1,512,3,11,52,512
B,true,query-191.rq,0,-1,0,0,0,0
B,true,query-192.rq,1,8,3,5,2,72
B,true,query-193.rq,1,1,4,6,0,8
B,true,query-194.rq,1,6,1,1,0,12
B,true,query-195.rq,1,6,1,1,0,12
B,true,query-196.rq,1,6,1,1,1,12
B,true,query-197.rq,1,4,3,5,0,8
B,true,query-198.rq,1,1,0,0,1,1
B,true,query-198.rq,2,6,1,1,0,12
B,true,query-199.rq,1,0,2,2,0,6
B,true,query-2.rq,1,2,1,1,0,2
B,true,query-2.rq,2,2,1,1,0,2
B,true,query-2.rq,3,2,1,1,0,2
B,true,query-2.rq,4,4,1,2,0,4
B,true,query-2.rq,5,2,1,1,0,2
B,true,query-2.rq,6,2,1,1,0,2
B,true,query-2.rq,7,8,1,3,1,8
B,true,query-2.rq,8,2,1,1,0,2
B,true,query-2.rq,9,2,1,1,0,2
B,true,query-2.rq,10,2,1,1,0,2
B,true,query-2.rq,11,4,1,2,0,4
B,true,query-20.rq,1,4,1,2,0,4
B,true,query-20.rq,2,2,1,1,0,2
B,true,query-20.rq,3,2,1,1,0,2
B,true,query-20.rq,4,2,1,1,0,2
B,true,query-20.rq,5,2,1,1,0,2
B,true,query-20.rq,6,2,1,1,0,2
B,true,query-20.rq,7,2,1,1,0,2
B,true,query-20.rq,8,2,1,1,0,2
B,true,query-20.rq,9,2,1,1,0,2
B,true,query-20.rq,10,2,1,1,0,2
B,true,query-20.rq,11,2,1,1,0,2
B,true,query-200.rq,0,-1,0,0,0,0
B,true,query-201.rq,1,4,2,5,1,48
B,true,query-201.rq,2,4,2,3,0,12
B,true,query-201.rq,3,4,2,3,1,12
B,true,query-202.rq,1,8,1,3,0,8
B,true,query-203.rq,1,8,1,3,0,8
B,true,query-204.rq,0,-1,0,0,0,0
B,true,query-205.rq,1,4,1,2,0,4
B,true,query-206.rq,1,2,1,2,0,4
B,true,query-206.rq,2,8,1,3,0,8
B,true,query-206.rq,3,2,1,1,0,2
B,true,query-206.rq,4,2,1,1,0,2
B,true,query-206.rq,5,2,1,1,0,2
B,true,query-207.rq,1,16,5,12,10,256
B,true,query-208.rq,1,16,5,12,8,256
B,true,query-208.rq,2,4,3,6,0,16
B,true,query-208.rq,3,2,2,3,0,4
B,true,query-208.rq,4,2,2,3,0,4
B,true,query-209.rq,1,1,0,0,1,1
B,true,query-209.rq,2,32,3,7,2,32
B,true,query-209.rq,3,64,3,8,6,64
B,true,query-209.rq,4,64,3,8,4,64
B,true,query-209.rq,5,8,1,3,0,8
B,true,query-209.rq,6,64,2,6,3,64
B,true,query-21.rq,1,4,1,2,0,4
B,true,query-21.rq,2,8,1,3,0,8
B,true,query-21.rq,3,2,1,1,0,2
B,true,query-21.rq,4,2,1,1,0,2
B,true,query-210.rq,1,4,1,2,1,4
B,true,query-210.rq,2,8,1,3,0,8
B,true,query-210.rq,3,1,1,2,0,4
B,true,query-210.rq,4,2,1,1,0,2
B,true,query-211.rq,0,-1,0,0,0,0
B,true,query-212.rq,0,-1,0,0,0,0
B,true,query-213.rq,1,4,1,2,0,4
B,true,query-213.rq,2,2,1,1,0,2
B,true,query-213.rq,3,4,2,3,1,8
B,true,query-214.rq,1,4,1,2,0,4
B,true,query-214.rq,2,2,1,1,0,2
B,true,query-214.rq,3,4,2,3,1,8
B,true,query-215.rq,1,1,0,0,0,1
B,true,query-215.rq,2,2,1,1,0,2
B,true,query-215.rq,3,4,1,2,0,4
B,true,query-215.rq,4,8,1,3,1,8
B,true,query-215.rq,5,8,3,4,0,12
B,true,query-215.rq,6,16,3,5,1,24
B,true,query-215.rq,7,32,3,6,3,48
B,true,query-215.rq,8,64,3,7,5,96
B,true,query-215.rq,9,128,3,8,14,192
B,true,query-215.rq,10,128,4,9,16,192
B,true,query-215.rq,11,2048,5,14,605,3072
B,true,query-216.rq,1,6,1,1,0,12
B,true,query-217.rq,1,4,1,2,0,4
B,true,query-217.rq,2,2,1,1,0,2
B,true,query-217.rq,3,2,1,1,0,2
B,true,query-217.rq,4,2,1,1,0,2
B,true,query-217.rq,5,2,1,1,0,2
B,true,query-218.rq,0,-1,0,0,0,0
B,true,query-219.rq,0,-1,0,0,0,0
B,true,query-22.rq,1,64,1,6,3,64
B,true,query-220.rq,0,-1,0,0,0,0
B,true,query-221.rq,1,6,1,1,0,12
B,true,query-222.rq,1,2,1,1,0,2
B,true,query-222.rq,2,2,1,1,0,2
B,true,query-222.rq,3,2,1,1,0,2
B,true,query-222.rq,4,4,1,2,0,4
B,true,query-222.rq,5,2,1,1,1,2
B,true,query-222.rq,6,2,1,1,0,2
B,true,query-222.rq,7,4,1,2,0,4
B,true,query-222.rq,8,2,1,2,0,4
B,true,query-222.rq,9,2,1,1,1,2
B,true,query-222.rq,10,4,1,2,1,4
B,true,query-223.rq,0,-1,0,0,0,0
B,true,query-224.rq,1,6,1,2,0,24
B,true,query-224.rq,2,6,1,1,0,12
B,true,query-224.rq,3,2,1,1,0,2
B,true,query-224.rq,4,2,1,1,0,2
B,true,query-224.rq,5,2,1,1,0,2
B,true,query-224.rq,6,2,1,1,0,2
B,true,query-224.rq,7,2,1,1,0,2
B,true,query-224.rq,8,2,1,1,0,2
B,true,query-224.rq,9,2,1,1,1,2
B,true,query-225.rq,1,32,1,5,1,32
B,true,query-225.rq,2,16,1,4,1,16
B,true,query-225.rq,3,8,1,3,0,8
B,true,query-226.rq,1,6,1,1,0,12
B,true,query-227.rq,1,6,1,1,1,12
B,true,query-228.rq,1,8,4,9,3,64
B,true,query-228.rq,2,4,4,9,2,64
B,true,query-229.rq,1,1,1,1,0,2
B,true,query-229.rq,2,2,1,1,0,2
B,true,query-229.rq,3,2,1,1,0,2
B,true,query-229.rq,4,2,1,1,0,2
B,true,query-23.rq,1,6,1,1,0,12
B,true,query-230.rq,1,1,0,0,0,1
B,true,query-230.rq,2,8,3,4,0,12
B,true,query-231.rq,1,16,1,4,0,16
B,true,query-231.rq,2,4,3,3,1,6
B,true,query-232.rq,1,8,4,7,10,432
B,true,query-232.rq,2,32,4,8,22,864
B,true,query-232.rq,3,2,2,2,0,6
B,true,query-233.rq,1,16,1,4,1,16
B,true,query-233.rq,2,8,1,3,0,8
B,true,query-234.rq,1,2,2,3,1,4
B,true,query-234.rq,2,4,3,6,0,16
B,true,query-235.rq,1,4,3,6,0,16
B,true,query-235.rq,2,4,3,6,0,16
B,true,query-235.rq,3,4,3,6,0,16
B,true,query-235.rq,4,4,4,9,3,64
B,true,query-236.rq,1,2,2,3,0,4
B,true,query-236.rq,2,2,2,3,1,4
B,true,query-236.rq,3,8,4,9,3,64
B,true,query-236.rq,4,8,4,9,2,64
B,true,query-237.rq,1,1,1,2,1,4
B,true,query-237.rq,2,2,1,1,0,2
B,true,query-238.rq,1,4,1,2,0,4
B,true,query-238.rq,2,4,1,2,0,4
B,true,query-239.rq,1,6,1,2,0,24
B,true,query-239.rq,2,2,1,1,0,2
B,true,query-239.rq,3,2,1,1,0,2
B,true,query-239.rq,4,5,2,2,0,12
B,true,query-239.rq,5,4,3,3,1,6
B,true,query-239.rq,6,2,1,1,0,2
B,true,query-239.rq,7,2,1,1,0,2
B,true,query-239.rq,8,2,1,1,0,2
B,true,query-239.rq,9,2,1,1,0,2
B,true,query-24.rq,1,32,2,6,3,96
B,true,query-240.rq,1,1,0,0,0,1
B,true,query-240.rq,2,16,4,6,1,24
B,true,query-241.rq,1,1,0,0,0,1
B,true,query-241.rq,2,160,3,8,33,1152
B,true,query-241.rq,3,4,1,2,0,4
B,true,query-241.rq,4,2,1,1,0,2
B,true,query-241.rq,5,2,1,1,0,2
B,true,query-241.rq,6,2,1,1,0,2
B,true,query-241.rq,7,2,1,1,0,2
B,true,query-241.rq,8,2,1,1,0,2
B,true,query-241.rq,9,2,1,1,0,2
B,true,query-241.rq,10,2,1,1,0,2
B,true,query-241.rq,11,2,1,1,0,2
B,true,query-241.rq,12,2,1,1,0,2
B,true,query-241.rq,13,2,1,1,0,2
B,true,query-241.rq,14,2,1,1,0,2
B,true,query-241.rq,15,2,1,1,0,2
B,true,query-241.rq,16,2,1,1,0,2
B,true,query-241.rq,17,16,2,4,1,24
B,true,query-241.rq,18,16,2,4,1,24
B,true,query-241.rq,19,2,1,1,0,2
B,true,query-241.rq,20,2,1,1,0,2
B,true,query-241.rq,21,2,1,1,0,2
B,true,query-241.rq,22,32,2,5,2,48
B,true,query-241.rq,23,2,1,1,0,2
B,true,query-241.rq,24,2,1,1,0,2
B,true,query-241.rq,25,2,1,1,0,2
B,true,query-241.rq,26,2,1,1,0,2
B,true,query-242.rq,1,2,1,1,0,2
B,true,query-242.rq,2,2,1,1,0,2
B,true,query-242.rq,3,2,1,1,0,2
B,true,query-242.rq,4,4,1,2,1,4
B,true,query-242.rq,5,2,1,1,0,2
B,true,query-243.rq,1,576,1,6,81,2304
B,true,query-243.rq,2,2,1,1,0,2
B,true,query-243.rq,3,1024,4,12,210,1536
B,true,query-244.rq,1,1,0,0,0,1
B,true,query-244.rq,2,-1,5,20,-1,-1
B,true,query-245.rq,1,1,0,0,0,1
B,true,query-245.rq,2,2,1,1,0,2
B,true,query-245.rq,3,4,1,2,0,4
B,true,query-245.rq,4,8,1,3,1,8
B,true,query-245.rq,5,8,3,4,0,12
B,true,query-245.rq,6,16,3,5,1,24
B,true,query-245.rq,7,32,3,6,3,48
B,true,query-245.rq,8,64,3,7,6,96
B,true,query-245.rq,9,128,3,8,15,192
B,true,query-245.rq,10,128,4,9,17,192
B,true,query-245.rq,11,2048,5,14,823,3072
B,true,query-246.rq,1,16,1,4,0,16
B,true,query-247.rq,1,2,2,3,0,4
B,true,query-247.rq,2,2,2,3,0,4
B,true,query-247.rq,3,2,2,3,0,4
B,true,query-247.rq,4,4,3,6,1,16
B,true,query-247.rq,5,2,2,3,0,4
B,true,query-247.rq,6,2,2,3,0,4
B,true,query-247.rq,7,8,4,9,2,64
B,true,query-247.rq,8,2,2,3,0,4
B,true,query-247.rq,9,2,2,3,0,4
B,true,query-247.rq,10,2,2,3,0,4
B,true,query-247.rq,11,4,3,6,1,16
B,true,query-248.rq,1,4,1,2,0,4
B,true,query-249.rq,1,2048,5,14,802,3072
B,true,query-25.rq,1,32,1,5,2,32
B,true,query-25.rq,2,16,1,4,1,16
B,true,query-25.rq,3,8,1,3,0,8
B,true,query-250.rq,1,2048,5,14,621,3072
B,true,query-251.rq,1,4,1,2,0,4
B,true,query-252.rq,1,4,2,3,1,12
B,true,query-252.rq,2,6,1,1,0,12
B,true,query-253.rq,1,1,0,0,0,1
B,true,query-253.rq,2,4,1,2,0,4
B,true,query-254.rq,1,2,2,3,0,4
B,true,query-254.rq,2,2,2,3,0,4
B,true,query-254.rq,3,2,2,3,0,4
B,true,query-254.rq,4,4,3,6,1,16
B,true,query-255.rq,0,-1,0,0,0,0
B,true,query-256.rq,1,-1,5,16,-1,-1
B,true,query-257.rq,1,256,1,8,22,256
B,true,query-258.rq,1,16,1,4,1,16
B,true,query-258.rq,2,4,1,2,0,4
B,true,query-259.rq,1,2048,5,14,637,3072
B,true,query-26.rq,0,-1,0,0,0,0
B,true,query-260.rq,1,6,1,1,0,12
B,true,query-261.rq,1,512,1,9,63,512
B,true,query-262.rq,1,1,1,1,0,2
B,true,query-263.rq,1,6,1,1,0,12
B,true,query-264.rq,0,-1,0,0,0,0
B,true,query-265.rq,1,2,1,1,0,2
B,true,query-266.rq,1,1,0,0,0,1
B,true,query-266.rq,2,4,3,5,0,8
B,true,query-267.rq,1,4,3,5,1,72
B,true,query-267.rq,2,2,2,2,0,6
B,true,query-267.rq,3,32,4,8,25,864
B,true,query-267.rq,4,2,2,2,0,6
B,true,query-268.rq,1,4,1,2,0,4
B,true,query-269.rq,1,2,1,1,1,2
B,true,query-269.rq,2,2,1,1,0,2
B,true,query-269.rq,3,2,1,1,1,2
B,true,query-269.rq,4,4,1,2,0,4
B,true,query-269.rq,5,2,1,1,1,2
B,true,query-269.rq,6,2,1,1,0,2
B,true,query-269.rq,7,4,1,2,0,4
B,true,query-269.rq,8,2,1,2,0,4
B,true,query-269.rq,9,2,1,1,0,2
B,true,query-269.rq,10,4,1,2,0,4
B,true,query-27.rq,1,4,2,3,0,12
B,true,query-27.rq,2,2,1,1,0,2
B,true,query-270.rq,0,-1,0,0,0,0
B,true,query-271.rq,0,-1,0,0,0,0
B,true,query-272.rq,1,6,1,1,1,12
B,true,query-273.rq,1,8,4,9,3,64
B,true,query-273.rq,2,4,4,9,3,64
B,true,query-274.rq,1,2,2,3,0,4
B,true,query-274.rq,2,4,3,6,0,16
B,true,query-275.rq,1,4,3,6,0,16
B,true,query-275.rq,2,4,3,6,0,16
B,true,query-275.rq,3,4,3,6,0,16
B,true,query-275.rq,4,4,4,9,2,64
B,true,query-276.rq,1,2,2,3,0,4
B,true,query-276.rq,2,2,2,3,0,4
B,true,query-276.rq,3,8,4,9,3,64
B,true,query-276.rq,4,8,4,9,3,64
B,true,query-277.rq,1,1,0,0,0,1
B,true,query-277.rq,2,16,4,6,1,24
B,true,query-278.rq,1,2,1,1,0,2
B,true,query-278.rq,2,2,1,1,0,2
B,true,query-278.rq,3,2,1,1,0,2
B,true,query-278.rq,4,4,1,2,0,4
B,true,query-278.rq,5,2,1,1,0,2
B,true,query-279.rq,1,16,1,4,1,16
B,true,query-28.rq,0,-1,0,0,0,0
B,true,query-280.rq,1,2,2,3,0,4
B,true,query-280.rq,2,2,2,3,0,4
B,true,query-280.rq,3,2,2,3,0,4
B,true,query-280.rq,4,4,3,6,1,16
B,true,query-280.rq,5,2,2,3,1,4
B,true,query-280.rq,6,2,2,3,0,4
B,true,query-280.rq,7,8,4,9,2,64
B,true,query-280.rq,8,2,2,3,0,4
B,true,query-280.rq,9,2,2,3,0,4
B,true,query-280.rq,10,2,2,3,0,4
B,true,query-280.rq,11,4,3,6,1,16
B,true,query-281.rq,1,4,1,2,0,4
B,true,query-282.rq,1,2,2,3,0,4
B,true,query-282.rq,2,2,2,3,0,4
B,true,query-282.rq,3,2,2,3,0,4
B,true,query-282.rq,4,4,3,6,1,16
B,true,query-283.rq,1,8192,5,16,4538,12288
B,true,query-284.rq,1,16,1,4,0,16
B,true,query-284.rq,2,2,1,1,0,2
B,true,query-284.rq,3,8,1,3,0,8
B,true,query-285.rq,1,32,2,6,3,96
B,true,query-286.rq,1,2,1,1,0,2
B,true,query-286.rq,2,1,1,1,0,2
B,true,query-287.rq,1,6,1,1,0,12
B,true,query-288.rq,1,16,1,4,0,16
B,true,query-289.rq,0,-1,0,0,0,0
B,true,query-29.rq,0,-1,0,0,0,0
B,true,query-290.rq,1,1,0,0,0,1
B,true,query-290.rq,2,8,3,4,0,12
B,true,query-291.rq,1,64,1,6,4,64
B,true,query-292.rq,1,2,1,1,0,2
B,true,query-292.rq,2,2,1,1,0,2
B,true,query-292.rq,3,2,1,1,0,2
B,true,query-292.rq,4,4,1,2,0,4
B,true,query-292.rq,5,2,1,1,0,2
B,true,query-293.rq,1,2,2,2,0,2
B,true,query-293.rq,2,2,1,1,1,2
B,true,query-293.rq,3,2,1,1,0,2
B,true,query-293.rq,4,4,2,2,0,4
B,true,query-293.rq,5,2,1,1,0,2
B,true,query-293.rq,6,2,1,1,0,2
B,true,query-293.rq,7,2,1,1,0,2
B,true,query-293.rq,8,2,1,1,0,2
B,true,query-293.rq,9,2,1,1,0,2
B,true,query-293.rq,10,2,1,1,0,2
B,true,query-293.rq,11,8,1,3,0,8
B,true,query-293.rq,12,2,1,1,0,2
B,true,query-293.rq,13,2,1,1,0,2
B,true,query-293.rq,14,4,1,2,0,4
B,true,query-293.rq,15,2,2,2,0,2
B,true,query-293.rq,16,2,1,1,0,2
B,true,query-293.rq,17,2,1,1,0,2
B,true,query-293.rq,18,2,1,1,0,2
B,true,query-293.rq,19,2,1,1,0,2
B,true,query-293.rq,20,2,1,1,0,2
B,true,query-293.rq,21,2,1,1,0,2
B,true,query-293.rq,22,2,1,1,0,2
B,true,query-294.rq,1,1,0,0,0,1
B,true,query-294.rq,2,2,1,1,0,2
B,true,query-294.rq,3,6,1,1,0,12
B,true,query-295.rq,1,16,3,7,7,288
B,true,query-296.rq,1,8,1,3,0,8
B,true,query-297.rq,0,-1,0,0,0,0
B,true,query-298.rq,1,2,1,1,0,2
B,true,query-298.rq,2,2,1,1,0,2
B,true,query-298.rq,3,2,1,1,0,2
B,true,query-298.rq,4,4,1,2,0,4
B,true,query-299.rq,1,8,1,3,0,8
B,true,query-299.rq,2,2,1,1,0,2
B,true,query-3.rq,1,4,1,2,0,4
B,true,query-3.rq,2,4,1,2,0,4
B,true,query-30.rq,1,1,0,0,0,1
B,true,query-30.rq,2,10,2,3,1,72
B,true,query-300.rq,1,4,1,2,0,4
B,true,query-301.rq,1,4,3,5,1,72
B,true,query-301.rq,2,2,2,2,0,6
B,true,query-301.rq,3,32,4,8,24,864
B,true,query-301.rq,4,2,2,2,1,6
B,true,query-302.rq,1,2,1,1,0,2
B,true,query-302.rq,2,2,1,1,0,2
B,true,query-302.rq,3,2,1,1,0,2
B,true,query-302.rq,4,4,1,2,0,4
B,true,query-303.rq,1,2,1,1,0,2
B,true,query-303.rq,2,2,1,1,0,2
B,true,query-303.rq,3,8,1,3,0,8
B,true,query-303.rq,4,8,1,3,0,8
B,true,query-304.rq,1,8,4,9,3,64
B,true,query-305.rq,1,4,3,6,0,16
B,true,query-306.rq,1,1,0,0,0,1
B,true,query-306.rq,2,4,3,3,0,6
B,true,query-307.rq,1,24,1,3,1,48
B,true,query-308.rq,1,4,1,2,0,4
B,true,query-308.rq,2,2,1,1,0,2
B,true,query-309.rq,1,1,0,0,0,1
B,true,query-309.rq,2,2,1,1,0,2
B,true,query-309.rq,3,4,1,2,0,4
B,true,query-309.rq,4,8,1,3,1,8
B,true,query-309.rq,5,8,3,4,0,12
B,true,query-309.rq,6,16,3,5,1,24
B,true,query-309.rq,7,32,3,6,3,48
B,true,query-309.rq,8,64,3,7,6,96
B,true,query-309.rq,9,128,3,8,20,192
B,true,query-309.rq,10,128,4,9,18,192
B,true,query-309.rq,11,2048,5,14,721,3072
B,true,query-31.rq,1,4,2,2,0,4
B,true,query-310.rq,1,1,0,0,0,1
B,true,query-310.rq,2,2,1,1,0,2
B,true,query-310.rq,3,4,1,2,0,4
B,true,query-310.rq,4,8,1,3,0,8
B,true,query-310.rq,5,8,3,4,0,12
B,true,query-310.rq,6,16,3,5,1,24
B,true,query-310.rq,7,32,3,6,2,48
B,true,query-310.rq,8,64,3,7,6,96
B,true,query-310.rq,9,128,3,8,22,192
B,true,query-310.rq,10,128,4,9,22,192
B,true,query-310.rq,11,2048,5,14,681,3072
B,true,query-311.rq,1,8,1,3,0,8
B,true,query-312.rq,1,16,1,4,1,16
B,true,query-312.rq,2,4,1,2,0,4
B,true,query-313.rq,1,2,2,3,1,4
B,true,query-313.rq,2,2,2,3,0,4
B,true,query-313.rq,3,2,2,3,0,4
B,true,query-313.rq,4,2,2,3,0,4
B,true,query-313.rq,5,2,2,3,0,4
B,true,query-313.rq,6,8,4,9,2,64
B,true,query-313.rq,7,2,2,3,0,4
B,true,query-314.rq,1,2,3,6,1,16
B,true,query-314.rq,2,8,4,9,4,64
B,true,query-314.rq,3,2,2,3,0,4
B,true,query-314.rq,4,2,2,3,0,4
B,true,query-314.rq,5,2,2,3,0,4
B,true,query-315.rq,1,6,1,1,1,12
B,true,query-316.rq,1,6,1,1,1,12
B,true,query-317.rq,1,6,1,1,0,12
B,true,query-318.rq,1,1,0,0,0,1
B,true,query-318.rq,2,6,1,1,0,12
B,true,query-318.rq,3,2,1,1,0,2
B,true,query-319.rq,1,1,0,0,0,1
B,true,query-32.rq,1,4,2,3,0,12
B,true,query-32.rq,2,2,1,1,0,2
B,true,query-320.rq,1,1,0,0,0,1
B,true,query-320.rq,2,8,3,4,1,12
B,true,query-321.rq,1,6,1,1,0,12
B,true,query-322.rq,1,128,1,7,17,128
B,true,query-323.rq,1,8,1,3,0,8
B,true,query-323.rq,2,4,1,2,0,4
B,true,query-324.rq,1,8,1,3,0,8
B,true,query-324.rq,2,4,1,2,0,4
B,true,query-325.rq,1,32,1,5,1,32
B,true,query-325.rq,2,32,1,5,1,32
B,true,query-326.rq,1,16,1,4,0,16
B,true,query-327.rq,1,2,1,1,0,2
B,true,query-328.rq,1,6,1,1,0,12
B,true,query-329.rq,1,6,1,1,0,12
B,true,query-33.rq,1,4,1,2,0,4
B,true,query-33.rq,2,2,1,1,0,2
B,true,query-33.rq,3,2,1,1,0,2
B,true,query-33.rq,4,4,1,2,0,4
B,true,query-33.rq,5,2,1,1,0,2
B,true,query-33.rq,6,6,1,1,0,12
B,true,query-33.rq,7,2,1,1,0,2
B,true,query-33.rq,8,2,1,1,0,2
B,true,query-33.rq,9,2,1,1,0,2
B,true,query-33.rq,10,6,1,1,0,12
B,true,query-33.rq,11,4,1,2,0,4
B,true,query-330.rq,0,-1,0,0,0,0
B,true,query-331.rq,1,1,0,0,0,1
B,true,query-332.rq,1,1,1,1,0,2
B,true,query-333.rq,1,6,1,1,0,12
B,true,query-334.rq,1,8,1,3,1,8
B,true,query-335.rq,1,2,1,1,0,2
B,true,query-336.rq,1,64,5,10,161,5184
B,true,query-337.rq,1,2,4,7,1,16
B,true,query-338.rq,1,16,1,4,0,16
B,true,query-338.rq,2,2,1,1,0,2
B,true,query-338.rq,3,8,1,3,0,8
B,true,query-339.rq,0,-1,0,0,0,0
B,true,query-34.rq,0,-1,0,0,0,0
B,true,query-340.rq,1,64,1,6,4,64
B,true,query-341.rq,1,2,1,1,1,2
B,true,query-341.rq,2,2,1,1,0,2
B,true,query-341.rq,3,2,1,1,0,2
B,true,query-341.rq,4,4,1,2,0,4
B,true,query-342.rq,1,2,1,1,0,2
B,true,query-342.rq,2,2,1,1,0,2
B,true,query-342.rq,3,2,1,1,0,2
B,true,query-342.rq,4,4,1,2,0,4
B,true,query-343.rq,1,2,1,1,0,2
B,true,query-343.rq,2,2,1,1,0,2
B,true,query-343.rq,3,8,1,3,1,8
B,true,query-343.rq,4,8,1,3,0,8
B,true,query-344.rq,1,8,4,9,3,64
B,true,query-345.rq,1,4,3,6,1,16
B,true,query-346.rq,1,24,1,3,1,48
B,true,query-347.rq,1,4,1,2,0,4
B,true,query-347.rq,2,2,1,1,0,2
B,true,query-348.rq,1,16,1,4,1,16
B,true,query-348.rq,2,4,1,2,0,4
B,true,query-349.rq,1,2,2,3,0,4
B,true,query-349.rq,2,2,2,3,0,4
B,true,query-349.rq,3,2,2,3,0,4
B,true,query-349.rq,4,2,2,3,1,4
B,true,query-349.rq,5,2,2,3,0,4
B,true,query-349.rq,6,8,4,9,1,64
B,true,query-349.rq,7,2,2,3,0,4
B,true,query-35.rq,1,8,2,4,0,24
B,true,query-35.rq,2,2,1,1,0,2
B,true,query-35.rq,3,2,1,1,0,2
B,true,query-35.rq,4,2,1,1,0,2
B,true,query-35.rq,5,2,1,1,0,2
B,true,query-35.rq,6,2,1,1,0,2
B,true,query-35.rq,7,2,1,1,0,2
B,true,query-350.rq,1,2,3,6,0,16
B,true,query-350.rq,2,8,4,9,3,64
B,true,query-350.rq,3,2,2,3,0,4
B,true,query-350.rq,4,2,2,3,0,4
B,true,query-350.rq,5,2,2,3,1,4
B,true,query-351.rq,1,12,1,2,1,24
B,true,query-352.rq,1,2,1,1,0,2
B,true,query-352.rq,2,2,1,1,0,2
B,true,query-352.rq,3,2,1,1,0,2
B,true,query-352.rq,4,4,1,2,0,4
B,true,query-352.rq,5,4,1,2,1,4
B,true,query-353.rq,1,32,2,6,3,96
B,true,query-353.rq,2,32,2,6,3,96
B,true,query-354.rq,1,2,1,2,1,4
B,true,query-354.rq,2,2,1,2,0,4
B,true,query-354.rq,3,16,4,7,1,16
B,true,query-354.rq,4,2,2,2,1,2
B,true,query-355.rq,1,16,1,4,1,16
B,true,query-356.rq,1,6,1,2,0,24
B,true,query-357.rq,0,-1,0,0,0,0
B,true,query-358.rq,1,8,3,4,0,12
B,true,query-358.rq,2,2,1,1,0,2
B,true,query-358.rq,3,2,1,1,0,2
B,true,query-358.rq,4,2,1,1,0,2
B,true,query-358.rq,5,2,1,1,1,2
B,true,query-358.rq,6,2,1,1,0,2
B,true,query-358.rq,7,2,1,1,0,2
B,true,query-358.rq,8,2,1,1,0,2
B,true,query-358.rq,9,2,1,1,0,2
B,true,query-358.rq,10,5,2,2,0,12
B,true,query-358.rq,11,10,3,3,1,36
B,true,query-358.rq,12,2,1,1,0,2
B,true,query-358.rq,13,2,1,1,0,2
B,true,query-358.rq,14,2,1,1,0,2
B,true,query-358.rq,15,2,1,1,1,2
B,true,query-358.rq,16,2,1,1,0,2
B,true,query-358.rq,17,2,1,1,0,2
B,true,query-358.rq,18,2,1,1,0,2
B,true,query-358.rq,19,5,2,2,0,12
B,true,query-358.rq,20,5,2,2,0,12
B,true,query-358.rq,21,2,1,1,0,2
B,true,query-358.rq,22,2,1,1,0,2
B,true,query-358.rq,23,2,1,1,0,2
B,true,query-358.rq,24,5,2,2,1,12
B,true,query-358.rq,25,2,1,1,0,2
B,true,query-359.rq,1,16,1,4,1,16
B,true,query-359.rq,2,8,1,3,0,8
B,true,query-36.rq,1,2,1,1,0,2
B,true,query-36.rq,2,2,1,1,0,2
B,true,query-36.rq,3,2,1,1,0,2
B,true,query-36.rq,4,2,1,1,0,2
B,true,query-360.rq,1,1,0,0,0,1
B,true,query-360.rq,2,2,1,1,0,2
B,true,query-360.rq,3,2,1,1,0,2
B,true,query-360.rq,4,2,1,1,0,2
B,true,query-360.rq,5,2,1,1,0,2
B,true,query-360.rq,6,2,1,1,0,2
B,true,query-360.rq,7,2,1,1,0,2
B,true,query-360.rq,8,2,1,1,0,2
B,true,query-360.rq,9,2,1,1,0,2
B,true,query-360.rq,10,2,1,1,0,2
B,true,query-360.rq,11,2,1,1,0,2
B,true,query-360.rq,12,2,1,1,0,2
B,true,query-360.rq,13,2,1,1,0,2
B,true,query-360.rq,14,2,1,1,0,2
B,true,query-360.rq,15,2,1,1,0,2
B,true,query-360.rq,16,2,1,1,0,2
B,true,query-360.rq,17,2,1,1,0,2
B,true,query-360.rq,18,2,1,1,0,2
B,true,query-360.rq,19,2,1,1,0,2
B,true,query-360.rq,20,2,1,1,0,2
B,true,query-360.rq,21,2,1,1,0,2
B,true,query-360.rq,22,2,1,1,0,2
B,true,query-360.rq,23,2,1,1,0,2
B,true,query-360.rq,24,2,1,1,0,2
B,true,query-360.rq,25,2,1,1,0,2
B,true,query-360.rq,26,2,1,1,0,2
B,true,query-360.rq,27,2,1,1,0,2
B,true,query-361.rq,1,2,2,2,0,2
B,true,query-361.rq,2,2,1,1,0,2
B,true,query-361.rq,3,4,2,2,0,4
B,true,query-361.rq,4,2,1,1,0,2
B,true,query-361.rq,5,2,1,1,0,2
B,true,query-361.rq,6,2,1,1,0,2
B,true,query-361.rq,7,2,1,1,0,2
B,true,query-361.rq,8,2,1,1,0,2
B,true,query-361.rq,9,2,1,1,0,2
B,true,query-361.rq,10,8,1,3,0,8
B,true,query-361.rq,11,2,1,1,1,2
B,true,query-361.rq,12,2,1,1,0,2
B,true,query-361.rq,13,4,1,2,0,4
B,true,query-361.rq,14,16,1,4,0,16
B,true,query-361.rq,15,2,1,1,0,2
B,true,query-361.rq,16,2,1,1,0,2
B,true,query-361.rq,17,2,1,1,0,2
B,true,query-361.rq,18,2,1,1,1,2
B,true,query-361.rq,19,2,1,1,0,2
B,true,query-361.rq,20,2,1,1,0,2
B,true,query-361.rq,21,2,1,1,0,2
B,true,query-361.rq,22,2,1,1,0,2
B,true,query-361.rq,23,2,1,1,0,2
B,true,query-361.rq,24,2,1,1,0,2
B,true,query-362.rq,1,2,1,1,0,2
B,true,query-362.rq,2,2,1,1,0,2
B,true,query-362.rq,3,2,1,1,0,2
B,true,query-362.rq,4,2,2,2,1,2
B,true,query-362.rq,5,256,1,8,23,256
B,true,query-363.rq,1,256,1,8,35,256
B,true,query-364.rq,1,4,1,2,0,4
B,true,query-364.rq,2,4,3,3,0,6
B,true,query-365.rq,1,2,1,1,0,2
B,true,query-366.rq,1,4,1,2,0,4
B,true,query-366.rq,2,1,0,0,0,1
B,true,query-366.rq,3,16,4,6,3,24
B,true,query-366.rq,4,8,3,4,0,12
B,true,query-366.rq,5,4,3,3,1,6
B,true,query-367.rq,1,4,1,2,0,4
B,true,query-367.rq,2,2,1,1,0,2
B,true,query-367.rq,3,2,1,1,0,2
B,true,query-368.rq,1,1,0,0,0,1
B,true,query-368.rq,2,8,3,4,1,12
B,true,query-369.rq,1,8,2,4,1,8
B,true,query-369.rq,2,64,5,12,381,9216
B,true,query-369.rq,3,32,4,9,72,1152
B,true,query-369.rq,4,4,2,4,0,24
B,true,query-369.rq,5,8,3,7,4,144
B,true,query-369.rq,6,8,3,7,4,144
B,true,query-369.rq,7,8,3,7,3,144
B,true,query-369.rq,8,8,3,7,3,144
B,true,query-369.rq,9,8,3,7,4,144
B,true,query-369.rq,10,10,3,5,3,144
B,true,query-37.rq,1,2,1,1,0,2
B,true,query-37.rq,2,2,1,1,0,2
B,true,query-37.rq,3,2,1,1,0,2
B,true,query-37.rq,4,2,2,2,0,2
B,true,query-37.rq,5,256,1,8,23,256
B,true,query-370.rq,1,8,4,7,10,432
B,true,query-370.rq,2,32,4,8,26,864
B,true,query-370.rq,3,2,2,2,0,6
B,true,query-371.rq,1,2,1,1,0,2
B,true,query-371.rq,2,2,1,1,0,2
B,true,query-371.rq,3,2,1,1,0,2
B,true,query-372.rq,1,2048,5,14,1607,3072
B,true,query-373.rq,1,16,1,4,1,16
B,true,query-373.rq,2,4,3,3,1,6
B,true,query-374.rq,1,4,3,6,1,16
B,true,query-374.rq,2,8,4,9,2,64
B,true,query-374.rq,3,1,3,6,0,16
B,true,query-374.rq,4,2,2,3,0,4
B,true,query-375.rq,1,4,3,6,0,16
B,true,query-375.rq,2,2,2,3,0,4
B,true,query-375.rq,3,4,5,9,3,64
B,true,query-376.rq,0,-1,0,0,0,0
B,true,query-377.rq,1,6,1,1,1,12
B,true,query-378.rq,1,6,1,1,0,12
B,true,query-379.rq,1,4,1,2,0,4
B,true,query-379.rq,2,32,3,6,2,48
B,true,query-38.rq,1,20,2,4,3,144
B,true,query-380.rq,1,2,1,2,0,4
B,true,query-380.rq,2,2,1,1,1,2
B,true,query-380.rq,3,80,3,8,123,3456
B,true,query-380.rq,4,2,1,1,0,2
B,true,query-380.rq,5,2,1,1,0,2
B,true,query-380.rq,6,40,2,5,7,288
B,true,query-380.rq,7,2,1,1,0,2
B,true,query-380.rq,8,4,1,2,0,4
B,true,query-380.rq,9,2,1,1,0,2
B,true,query-380.rq,10,40,2,5,7,288
B,true,query-380.rq,11,2,1,1,0,2
B,true,query-380.rq,12,2,1,1,0,2
B,true,query-380.rq,13,24,1,3,0,48
B,true,query-380.rq,14,2,1,1,0,2
B,true,query-380.rq,15,2,1,1,0,2
B,true,query-380.rq,16,80,3,7,57,1728
B,true,query-380.rq,17,2,1,1,0,2
B,true,query-381.rq,1,4,2,4,0,24
B,true,query-381.rq,2,4,2,4,1,24
B,true,query-381.rq,3,2,1,2,0,4
B,true,query-381.rq,4,8,2,7,1,64
B,true,query-381.rq,5,2,1,2,0,4
B,true,query-381.rq,6,2,3,5,0,8
B,true,query-382.rq,0,-1,0,0,0,0
B,true,query-383.rq,1,4,2,4,0,24
B,true,query-383.rq,2,2,2,4,0,8
B,true,query-383.rq,3,2,3,7,0,16
B,true,query-383.rq,4,2,3,7,1,16
B,true,query-383.rq,5,2,3,7,1,16
B,true,query-383.rq,6,2,3,7,1,16
B,true,query-383.rq,7,2,3,7,1,16
B,true,query-383.rq,8,5,3,5,1,48
B,true,query-383.rq,9,1,1,1,0,2
B,true,query-383.rq,10,2,1,2,1,4
B,true,query-384.rq,1,1,0,0,0,1
B,true,query-384.rq,2,2,1,1,0,2
B,true,query-384.rq,3,4,1,2,0,4
B,true,query-384.rq,4,8,1,3,0,8
B,true,query-384.rq,5,12,1,2,0,24
B,true,query-384.rq,6,72,1,3,20,288
B,true,query-384.rq,7,128,3,8,15,192
B,true,query-384.rq,8,128,4,9,19,192
B,true,query-384.rq,9,2048,5,14,1222,3072
B,true,query-385.rq,1,1,0,0,0,1
B,true,query-385.rq,2,2,1,1,0,2
B,true,query-385.rq,3,4,1,2,0,4
B,true,query-385.rq,4,8,1,3,0,8
B,true,query-385.rq,5,12,1,2,0,24
B,true,query-385.rq,6,72,1,3,3,288
B,true,query-385.rq,7,2592,1,5,1120,41472
B,true,query-385.rq,8,128,3,8,13,192
B,true,query-385.rq,9,128,4,9,15,192
B,true,query-385.rq,10,2048,5,14,899,3072
B,true,query-386.rq,1,64,1,6,4,64
B,true,query-386.rq,2,2,1,1,1,2
B,true,query-386.rq,3,1024,1,10,190,1024
B,true,query-387.rq,1,6,1,2,0,24
B,true,query-388.rq,1,16,1,4,1,16
B,true,query-388.rq,2,4,3,3,0,6
B,true,query-389.rq,0,-1,0,0,0,0
B,true,query-39.rq,1,32,1,5,1,32
B,true,query-39.rq,2,16,1,4,0,16
B,true,query-39.rq,3,8,1,3,0,8
B,true,query-390.rq,1,4,1,2,0,4
B,true,query-390.rq,2,32,3,6,5,48
B,true,query-391.rq,1,4,2,3,0,12
B,true,query-391.rq,2,2,1,1,0,2
B,true,query-391.rq,3,2,1,1,0,2
B,true,query-391.rq,4,2,1,1,0,2
B,true,query-391.rq,5,2,1,1,0,2
B,true,query-391.rq,6,2,1,1,0,2
B,true,query-391.rq,7,2,1,1,1,2
B,true,query-391.rq,8,2,1,1,1,2
B,true,query-391.rq,9,2,1,1,0,2
B,true,query-391.rq,10,2,1,1,0,2
B,true,query-391.rq,11,5,2,2,1,12
B,true,query-391.rq,12,2,1,1,0,2
B,true,query-391.rq,13,2,1,1,0,2
B,true,query-391.rq,14,2,1,1,0,2
B,true,query-391.rq,15,2,1,1,0,2
B,true,query-391.rq,16,2,1,1,0,2
B,true,query-391.rq,17,5,2,2,0,12
B,true,query-391.rq,18,2,1,1,0,2
B,true,query-391.rq,19,2,1,1,0,2
B,true,query-391.rq,20,2,1,1,0,2
B,true,query-391.rq,21,5,2,2,0,12
B,true,query-391.rq,22,5,2,2,1,12
B,true,query-391.rq,23,2,1,1,0,2
B,true,query-391.rq,24,5,2,2,0,12
B,true,query-391.rq,25,5,2,2,0,12
B,true,query-391.rq,26,5,2,2,0,12
B,true,query-391.rq,27,8,3,4,0,12
B,true,query-391.rq,28,2,1,1,0,2
B,true,query-391.rq,29,2,1,1,0,2
B,true,query-392.rq,1,4,1,2,0,4
B,true,query-393.rq,1,6,1,1,0,12
B,true,query-394.rq,1,6,1,1,0,12
B,true,query-395.rq,1,6,1,1,0,12
B,true,query-396.rq,1,6,1,1,0,12
B,true,query-397.rq,1,2048,5,14,666,3072
B,true,query-398.rq,1,6,1,1,1,12
B,true,query-399.rq,1,6,1,1,0,12
B,true,query-399.rq,2,6,1,1,0,12
B,true,query-4.rq,1,2,2,2,0,2
B,true,query-4.rq,2,2,1,1,0,2
B,true,query-4.rq,3,2,1,1,0,2
B,true,query-4.rq,4,2,1,1,1,2
B,true,query-4.rq,5,4,2,2,0,4
B,true,query-4.rq,6,2,1,1,0,2
B,true,query-4.rq,7,2,1,1,0,2
B,true,query-4.rq,8,2,1,1,0,2
B,true,query-4.rq,9,2,1,1,0,2
B,true,query-4.rq,10,2,1,1,0,2
B,true,query-4.rq,11,2,1,1,0,2
B,true,query-4.rq,12,8,1,3,1,8
B,true,query-4.rq,13,2,1,1,0,2
B,true,query-4.rq,14,2,1,1,0,2
B,true,query-4.rq,15,2,1,1,0,2
B,true,query-4.rq,16,2,1,1,0,2
B,true,query-4.rq,17,4,1,2,0,4
B,true,query-4.rq,18,2,2,2,0,2
B,true,query-4.rq,19,2,1,1,0,2
B,true,query-4.rq,20,2,1,1,0,2
B,true,query-4.rq,21,2,1,1,0,2
B,true,query-4.rq,22,2,1,1,0,2
B,true,query-4.rq,23,2,1,1,0,2
B,true,query-4.rq,24,2,1,1,0,2
B,true,query-4.rq,25,2,1,1,0,2
B,true,query-4.rq,26,2,1,1,0,2
B,true,query-40.rq,0,-1,0,0,0,0
B,true,query-400.rq,1,1,0,0,0,1
B,true,query-400.rq,2,5,2,2,0,12
B,true,query-401.rq,1,6,1,1,0,12
B,true,query-402.rq,0,-1,0,0,0,0
B,true,query-403.rq,0,-1,0,0,0,0
B,true,query-404.rq,1,5,2,2,1,12
B,true,query-405.rq,0,-1,0,0,0,0
B,true,query-406.rq,1,1,0,0,0,1
B,true,query-406.rq,2,2,1,1,0,2
B,true,query-406.rq,3,2,1,1,1,2
B,true,query-406.rq,4,2,1,1,0,2
B,true,query-406.rq,5,2,1,1,0,2
B,true,query-406.rq,6,2,1,1,0,2
B,true,query-406.rq,7,2,1,1,0,2
B,true,query-406.rq,8,2,1,1,0,2
B,true,query-406.rq,9,2,1,1,0,2
B,true,query-406.rq,10,2,1,1,0,2
B,true,query-406.rq,11,2,1,1,0,2
B,true,query-406.rq,12,2,1,1,1,2
B,true,query-406.rq,13,2,1,1,0,2
B,true,query-407.rq,1,4,1,2,0,4
B,true,query-407.rq,2,2,1,1,0,2
B,true,query-407.rq,3,2,1,1,0,2
B,true,query-407.rq,4,2,1,1,0,2
B,true,query-407.rq,5,512,1,9,59,512
B,true,query-407.rq,6,2,1,1,0,2
B,true,query-408.rq,1,1,0,0,1,1
B,true,query-408.rq,2,16,4,6,2,72
B,true,query-409.rq,1,1,0,0,0,1
B,true,query-409.rq,2,6,1,1,0,12
B,true,query-409.rq,3,2,1,1,0,2
B,true,query-41.rq,1,20,2,4,6,144
B,true,query-410.rq,1,8,1,3,0,8
B,true,query-411.rq,1,8,1,3,0,8
B,true,query-412.rq,1,16,1,4,1,16
B,true,query-413.rq,1,8,1,3,0,8
B,true,query-413.rq,2,8,1,3,0,8
B,true,query-414.rq,1,8,1,3,0,8
B,true,query-415.rq,1,512,1,9,53,512
B,true,query-415.rq,2,2,1,1,0,2
B,true,query-416.rq,1,6,1,1,0,12
B,true,query-417.rq,1,1,0,0,0,1
B,true,query-417.rq,2,6,1,1,1,12
B,true,query-418.rq,1,8,1,3,0,8
B,true,query-419.rq,1,2,1,1,0,2
B,true,query-419.rq,2,4,1,2,0,4
B,true,query-42.rq,1,16,1,4,0,16
B,true,query-42.rq,2,8,1,3,0,8
B,true,query-420.rq,1,1,1,1,0,2
B,true,query-421.rq,1,12,1,2,0,24
B,true,query-422.rq,1,12,1,2,0,24
B,true,query-423.rq,0,-1,0,0,0,0
B,true,query-424.rq,0,-1,0,0,0,0
B,true,query-425.rq,1,256,1,8,22,256
B,true,query-426.rq,1,4,1,2,0,4
B,true,query-426.rq,2,4,3,3,1,6
B,true,query-427.rq,1,2,1,1,0,2
B,true,query-428.rq,1,4,1,2,0,4
B,true,query-428.rq,2,1,0,0,0,1
B,true,query-428.rq,3,16,4,6,1,24
B,true,query-428.rq,4,8,3,4,0,12
B,true,query-428.rq,5,4,3,3,0,6
B,true,query-429.rq,1,4,1,2,1,4
B,true,query-429.rq,2,2,1,1,0,2
B,true,query-429.rq,3,2,1,1,0,2
B,true,query-43.rq,1,1,0,0,0,1
B,true,query-430.rq,1,4,3,6,0,16
B,true,query-430.rq,2,8,4,9,2,64
B,true,query-430.rq,3,1,3,6,1,16
B,true,query-430.rq,4,2,2,3,0,4
B,true,query-431.rq,1,4,3,6,0,16
B,true,query-431.rq,2,2,2,3,0,4
B,true,query-431.rq,3,4,5,9,2,64
B,true,query-432.rq,0,-1,0,0,0,0
B,true,query-433.rq,1,1,0,0,0,1
B,true,query-433.rq,2,2,1,1,0,2
B,true,query-433.rq,3,4,1,2,0,4
B,true,query-433.rq,4,8,1,3,0,8
B,true,query-433.rq,5,12,1,2,0,24
B,true,query-433.rq,6,72,1,3,3,288
B,true,query-433.rq,7,128,3,8,16,192
B,true,query-433.rq,8,128,4,9,17,192
B,true,query-433.rq,9,2048,5,14,812,3072
B,true,query-434.rq,0,-1,0,0,0,0
B,true,query-435.rq,0,-1,0,0,0,0
B,true,query-436.rq,1,16,1,4,0,16
B,true,query-437.rq,1,64,3,8,9,192
B,true,query-438.rq,1,256,1,8,85,1536
B,true,query-438.rq,2,2,3,5,1,8
B,true,query-438.rq,3,2,1,1,0,2
B,true,query-438.rq,4,8,2,5,0,16
B,true,query-438.rq,5,8,1,4,0,16
B,true,query-439.rq,1,4,2,3,0,12
B,true,query-439.rq,2,2,1,1,0,2
B,true,query-439.rq,3,2,1,1,0,2
B,true,query-439.rq,4,2,1,1,1,2
B,true,query-439.rq,5,5,2,2,0,12
B,true,query-439.rq,6,2,1,1,0,2
B,true,query-439.rq,7,2,1,1,0,2
B,true,query-439.rq,8,2,1,1,0,2
B,true,query-439.rq,9,2,1,1,0,2
B,true,query-439.rq,10,2,1,1,0,2
B,true,query-439.rq,11,2,1,1,0,2
B,true,query-439.rq,12,2,1,1,0,2
B,true,query-439.rq,13,2,1,1,0,2
B,true,query-44.rq,1,8,2,4,1,24
B,true,query-440.rq,1,16,1,4,0,16
B,true,query-440.rq,2,4,3,3,0,6
B,true,query-441.rq,0,-1,0,0,0,0
B,true,query-442.rq,1,8192,5,16,5761,12288
B,true,query-443.rq,1,1,0,0,0,1
B,true,query-443.rq,2,24,1,3,0,48
B,true,query-444.rq,1,16,1,4,1,16
B,true,query-444.rq,2,4,1,2,0,4
B,true,query-445.rq,1,6,1,1,0,12
B,true,query-446.rq,1,6,1,1,0,12
B,true,query-447.rq,1,6,1,1,0,12
B,true,query-448.rq,1,16,1,4,1,16
B,true,query-449.rq,1,16,1,4,1,16
B,true,query-45.rq,1,32,1,5,1,32
B,true,query-45.rq,2,16,1,4,1,16
B,true,query-45.rq,3,8,1,3,0,8
B,true,query-46.rq,1,6,1,2,0,24
B,true,query-46.rq,2,6,1,2,0,24
B,true,query-47.rq,1,16,2,5,1,48
B,true,query-48.rq,1,16,1,4,0,16
B,true,query-48.rq,2,8,1,3,0,8
B,true,query-49.rq,1,4,1,2,0,4
B,true,query-5.rq,1,32,2,6,3,96
B,true,query-5.rq,2,32,2,6,3,96
B,true,query-50.rq,1,2,1,2,0,4
B,true,query-50.rq,2,2,1,2,0,4
B,true,query-50.rq,3,2,1,2,0,4
B,true,query-50.rq,4,32,2,6,5,96
B,true,query-50.rq,5,2,1,1,0,2
B,true,query-51.rq,1,1,0,0,0,1
B,true,query-51.rq,2,32,1,5,1,32
B,true,query-51.rq,3,2,1,1,0,2
B,true,query-51.rq,4,4,1,2,0,4
B,true,query-52.rq,1,32,1,5,3,32
B,true,query-52.rq,2,16,1,4,1,16
B,true,query-52.rq,3,8,1,3,1,8
B,true,query-53.rq,1,2,1,1,0,2
B,true,query-53.rq,2,2,1,1,0,2
B,true,query-53.rq,3,2,1,1,0,2
B,true,query-53.rq,4,4,1,2,1,4
B,true,query-53.rq,5,2,1,1,0,2
B,true,query-53.rq,6,2,1,1,0,2
B,true,query-53.rq,7,8,1,3,0,8
B,true,query-53.rq,8,2,1,1,0,2
B,true,query-53.rq,9,2,1,1,1,2
B,true,query-53.rq,10,2,1,1,0,2
B,true,query-53.rq,11,4,1,2,0,4
B,true,query-54.rq,1,2,1,1,0,2
B,true,query-54.rq,2,2,1,1,0,2
B,true,query-54.rq,3,2,1,1,0,2
B,true,query-54.rq,4,2,1,1,1,2
B,true,query-54.rq,5,2,1,1,0,2
B,true,query-55.rq,1,2,1,1,0,2
B,true,query-55.rq,2,2,1,1,0,2
B,true,query-55.rq,3,2,1,1,0,2
B,true,query-55.rq,4,2,1,1,0,2
B,true,query-55.rq,5,2,1,1,0,2
B,true,query-55.rq,6,8,1,3,0,8
B,true,query-55.rq,7,2,1,1,0,2
B,true,query-56.rq,1,32,2,6,3,96
B,true,query-56.rq,2,32,2,6,7,96
B,true,query-57.rq,1,8,1,5,2,32
B,true,query-57.rq,2,4,1,3,0,8
B,true,query-58.rq,0,-1,0,0,0,0
B,true,query-59.rq,0,-1,0,0,0,0
B,true,query-6.rq,1,2,1,1,0,2
B,true,query-6.rq,2,2,1,1,0,2
B,true,query-6.rq,3,2,1,1,0,2
B,true,query-6.rq,4,2,1,1,1,2
B,true,query-6.rq,5,2,1,1,0,2
B,true,query-6.rq,6,2,1,1,0,2
B,true,query-6.rq,7,2,1,1,0,2
B,true,query-6.rq,8,2,1,1,0,2
B,true,query-6.rq,9,2,1,1,0,2
B,true,query-6.rq,10,2,1,1,0,2
B,true,query-6.rq,11,2,1,1,0,2
B,true,query-6.rq,12,2,1,1,0,2
B,true,query-6.rq,13,2,1,1,0,2
B,true,query-6.rq,14,2,1,1,0,2
B,true,query-6.rq,15,2,1,1,0,2
B,true,query-6.rq,16,2,1,1,0,2
B,true,query-6.rq,17,2,1,1,0,2
B,true,query-6.rq,18,2,1,1,0,2
B,true,query-6.rq,19,2,1,1,0,2
B,true,query-6.rq,20,2,1,1,0,2
B,true,query-6.rq,21,2,1,1,0,2
B,true,query-6.rq,22,2,1,1,0,2
B,true,query-60.rq,1,128,1,7,8,128
B,true,query-60.rq,2,2,1,1,0,2
B,true,query-61.rq,1,2,1,2,1,4
B,true,query-61.rq,2,1,1,1,1,2
B,true,query-61.rq,3,1,1,1,0,2
B,true,query-61.rq,4,1,1,1,0,2
B,true,query-61.rq,5,16,1,5,1,32
B,true,query-61.rq,6,4,1,3,0,8
B,true,query-61.rq,7,4,1,3,0,8
B,true,query-61.rq,8,2,1,2,0,4
B,true,query-61.rq,9,1,1,1,0,2
B,true,query-61.rq,10,2,1,2,1,4
B,true,query-61.rq,11,32,3,7,9,192
B,true,query-61.rq,12,2,1,1,0,2
B,true,query-62.rq,1,4,1,2,0,4
B,true,query-62.rq,2,4,2,3,0,4
B,true,query-62.rq,3,8,3,4,0,12
B,true,query-63.rq,1,4,1,2,0,4
B,true,query-64.rq,1,32,2,6,4,96
B,true,query-64.rq,2,32,2,6,3,96
B,true,query-65.rq,1,64,3,8,8,192
B,true,query-65.rq,2,2,1,2,0,4
B,true,query-65.rq,3,2,1,2,0,4
B,true,query-65.rq,4,16,4,7,2,16
B,true,query-65.rq,5,2,2,2,0,2
B,true,query-66.rq,1,2,1,2,1,4
B,true,query-66.rq,2,2,1,2,0,4
B,true,query-66.rq,3,16,4,7,1,16
B,true,query-66.rq,4,2,2,2,0,2
B,true,query-66.rq,5,0,3,6,1,0
B,true,query-67.rq,1,64,3,8,9,192
B,true,query-67.rq,2,2,1,2,0,4
B,true,query-67.rq,3,2,1,2,0,4
B,true,query-67.rq,4,16,4,7,1,16
B,true,query-67.rq,5,2,2,2,0,2
B,true,query-68.rq,0,-1,0,0,0,0
B,true,query-69.rq,0,-1,0,0,0,0
B,true,query-7.rq,1,64,1,6,3,64
B,true,query-70.rq,1,256,1,8,20,256
B,true,query-70.rq,2,4,1,2,0,4
B,true,query-70.rq,3,2,1,1,0,2
B,true,query-70.rq,4,2,1,2,0,4
B,true,query-71.rq,1,8,1,4,0,16
B,true,query-72.rq,1,512,1,9,56,512
B,true,query-72.rq,2,4,1,2,0,4
B,true,query-73.rq,1,256,7,18,6882,55296
B,true,query-74.rq,1,4,1,2,0,4
B,true,query-75.rq,1,2,1,1,0,2
B,true,query-75.rq,2,2,2,2,0,6
B,true,query-75.rq,3,6,1,1,0,12
B,true,query-76.rq,1,2,1,1,0,2
B,true,query-76.rq,2,2,1,1,0,2
B,true,query-76.rq,3,4,1,2,0,4
B,true,query-77.rq,1,6,1,1,1,12
B,true,query-77.rq,2,-1,7,19,-1,-1
B,true,query-77.rq,3,6,1,1,0,12
B,true,query-78.rq,1,6,1,1,0,12
B,true,query-79.rq,0,-1,0,0,0,0
B,true,query-8.rq,1,32,1,5,1,32
B,true,query-80.rq,1,6,1,1,0,12
B,true,query-81.rq,1,8,2,4,1,24
B,true,query-81.rq,2,2,1,1,0,2
B,true,query-81.rq,3,2,1,1,0,2
B,true,query-81.rq,4,2,1,1,0,2
B,true,query-81.rq,5,2,1,1,0,2
B,true,query-81.rq,6,2,1,1,0,2
B,true,query-81.rq,7,2,1,1,0,2
B,true,query-81.rq,8,2,1,1,0,2
B,true,query-81.rq,9,2,1,1,0,2
B,true,query-81.rq,10,2,1,1,0,2
B,true,query-81.rq,11,2,1,1,0,2
B,true,query-81.rq,12,2,1,1,0,2
B,true,query-81.rq,13,2,1,1,0,2
B,true,query-81.rq,14,2,1,1,0,2
B,true,query-81.rq,15,2,1,1,0,2
B,true,query-81.rq,16,2,1,1,0,2
B,true,query-81.rq,17,2,1,1,0,2
B,true,query-81.rq,18,2,1,1,0,2
B,true,query-81.rq,19,2,1,1,0,2
B,true,query-81.rq,20,5,2,2,0,12
B,true,query-81.rq,21,5,2,2,0,12
B,true,query-81.rq,22,8,3,4,0,12
B,true,query-81.rq,23,5,2,2,0,12
B,true,query-81.rq,24,2,1,1,0,2
B,true,query-81.rq,25,2,1,1,0,2
B,true,query-81.rq,26,2,1,1,0,2
B,true,query-81.rq,27,2,1,1,0,2
B,true,query-81.rq,28,2,1,1,1,2
B,true,query-81.rq,29,2,1,1,0,2
B,true,query-81.rq,30,2,1,1,0,2
B,true,query-81.rq,31,2,1,1,0,2
B,true,query-81.rq,32,5,2,2,0,12
B,true,query-81.rq,33,2,1,1,0,2
B,true,query-81.rq,34,2,1,1,0,2
B,true,query-81.rq,35,2,1,1,0,2
B,true,query-81.rq,36,2,1,1,0,2
B,true,query-81.rq,37,2,1,1,0,2
B,true,query-81.rq,38,2,1,1,0,2
B,true,query-81.rq,39,2,1,1,0,2
B,true,query-81.rq,40,2,1,1,0,2
B,true,query-82.rq,1,8,4,7,11,432
B,true,query-82.rq,2,32,4,8,25,864
B,true,query-82.rq,3,2,2,2,0,6
B,true,query-83.rq,0,-1,0,0,0,0
B,true,query-84.rq,1,2048,5,14,933,3072
B,true,query-85.rq,1,2,1,1,0,2
B,true,query-85.rq,2,4,1,2,0,4
B,true,query-86.rq,1,8,1,3,0,8
B,true,query-86.rq,2,4,1,3,1,8
B,true,query-87.rq,1,4,3,6,1,16
B,true,query-88.rq,1,2,2,3,0,4
B,true,query-88.rq,2,2,2,3,0,4
B,true,query-88.rq,3,2,2,3,0,4
B,true,query-88.rq,4,4,3,6,1,16
B,true,query-88.rq,5,2,2,3,0,4
B,true,query-89.rq,1,16,5,12,10,256
B,true,query-89.rq,2,2,2,3,0,4
B,true,query-89.rq,3,8,4,9,3,64
B,true,query-9.rq,1,256,5,13,852,13824
B,true,query-90.rq,0,-1,0,0,0,0
B,true,query-91.rq,1,256,3,9,34,384
B,true,query-92.rq,1,16,1,4,1,16
B,true,query-93.rq,1,16,1,4,1,16
B,true,query-93.rq,2,4,1,2,0,4
B,true,query-93.rq,3,2,1,1,0,2
B,true,query-93.rq,4,2,1,1,0,2
B,true,query-94.rq,1,2,2,3,1,4
B,true,query-94.rq,2,2,2,3,0,4
B,true,query-94.rq,3,2,2,3,0,4
B,true,query-94.rq,4,4,3,6,1,16
B,true,query-94.rq,5,2,2,3,0,4
B,true,query-94.rq,6,2,2,3,0,4
B,true,query-94.rq,7,4,3,6,0,16
B,true,query-94.rq,8,2,3,6,0,16
B,true,query-94.rq,9,2,2,3,0,4
B,true,query-94.rq,10,4,3,6,1,16
B,true,query-95.rq,1,4,1,3,0,8
B,true,query-96.rq,1,4,1,2,1,4
B,true,query-96.rq,2,4,1,2,0,4
B,true,query-96.rq,3,4,1,2,1,4
B,true,query-96.rq,4,4,1,3,0,8
B,true,query-97.rq,1,4,1,2,0,4
B,true,query-97.rq,2,16,4,6,1,24
B,true,query-97.rq,3,8,3,4,0,12
B,true,query-97.rq,4,4,3,3,0,6
B,true,query-98.rq,1,4,1,2,0,4
B,true,query-99.rq,1,16,1,4,1,16
